ERC report (2026-08-19T15:47:36, Encoding UTF8)
Report includes: Errors, Warnings

***** Sheet /
[bus_to_net_conflict]: Invalid connection between bus and net items
    ; error
    @(172.085 mm, 72.39 mm): Hierarchical Label 'MCU_DI'
    @(158.115 mm, 72.39 mm): Label 'MCU_DI[1..4]'
[bus_to_net_conflict]: Invalid connection between bus and net items
    ; error
    @(241.427 mm, 24.892 mm): Horizontal Wire, length 4.445 mm
    @(238.887 mm, 37.592 mm): Vertical Bus, length 90.805 mm
[endpoint_off_grid]: Symbol pin or wire end off connection grid
    ; warning
    @(20.32 mm, 155.575 mm): Vertical Wire, length 1.905 mm
[endpoint_off_grid]: Symbol pin or wire end off connection grid
    ; warning
    @(20.32 mm, 155.575 mm): Symbol #PWR0264 Pin 1 [Power input, Line]
[endpoint_off_grid]: Symbol pin or wire end off connection grid
    ; warning
    @(21.59 mm, 26.035 mm): Vertical Wire, length 1.905 mm
[endpoint_off_grid]: Symbol pin or wire end off connection grid
    ; warning
    @(21.59 mm, 26.035 mm): Symbol #PWR0261 Pin 1 [Power input, Line]
[endpoint_off_grid]: Symbol pin or wire end off connection grid
    ; warning
    @(82.55 mm, 104.775 mm): Horizontal Wire, length 44.45 mm
[endpoint_off_grid]: Symbol pin or wire end off connection grid
    ; warning
    @(82.55 mm, 107.315 mm): Horizontal Wire, length 44.45 mm
[endpoint_off_grid]: Symbol pin or wire end off connection grid
    ; warning
    @(127.00 mm, 79.375 mm): Horizontal Wire, length 44.45 mm
[endpoint_off_grid]: Symbol pin or wire end off connection grid
    ; warning
    @(127.00 mm, 81.915 mm): Horizontal Wire, length 44.45 mm
[endpoint_off_grid]: Symbol pin or wire end off connection grid
    ; warning
    @(127.00 mm, 102.235 mm): Horizontal Wire, length 44.45 mm
[endpoint_off_grid]: Symbol pin or wire end off connection grid
    ; warning
    @(178.435 mm, 90.805 mm): Horizontal Wire, length 40.005 mm
[endpoint_off_grid]: Symbol pin or wire end off connection grid
    ; warning
    @(178.435 mm, 93.345 mm): Horizontal Wire, length 40.005 mm
[endpoint_off_grid]: Symbol pin or wire end off connection grid
    ; warning
    @(178.435 mm, 97.155 mm): Horizontal Wire, length 40.005 mm
[endpoint_off_grid]: Symbol pin or wire end off connection grid
    ; warning
    @(178.435 mm, 99.695 mm): Horizontal Wire, length 40.005 mm
[endpoint_off_grid]: Symbol pin or wire end off connection grid
    ; warning
    @(184.15 mm, 73.025 mm): Vertical Wire, length 1.905 mm
[endpoint_off_grid]: Symbol pin or wire end off connection grid
    ; warning
    @(184.15 mm, 73.025 mm): Symbol #PWR0287 Pin 1 [Power input, Line]
[endpoint_off_grid]: Symbol pin or wire end off connection grid
    ; warning
    @(204.47 mm, 28.575 mm): Symbol #PWR0286 Pin 1 [Power input, Line]
[endpoint_off_grid]: Symbol pin or wire end off connection grid
    ; warning
    @(204.47 mm, 28.575 mm): Vertical Wire, length 1.905 mm
[endpoint_off_grid]: Symbol pin or wire end off connection grid
    ; warning
    @(206.375 mm, 154.94 mm): Symbol H5 Pin 1 [1, Input, Line]
[endpoint_off_grid]: Symbol pin or wire end off connection grid
    ; warning
    @(206.375 mm, 156.845 mm): Symbol #PWR0285 Pin 1 [Power input, Line]
[endpoint_off_grid]: Symbol pin or wire end off connection grid
    ; warning
    @(206.375 mm, 156.845 mm): Vertical Wire, length 1.905 mm
[endpoint_off_grid]: Symbol pin or wire end off connection grid
    ; warning
    @(207.01 mm, 53.975 mm): Vertical Wire, length 28.575 mm
[endpoint_off_grid]: Symbol pin or wire end off connection grid
    ; warning
    @(209.55 mm, 56.515 mm): Vertical Wire, length 23.495 mm
[endpoint_off_grid]: Symbol pin or wire end off connection grid
    ; warning
    @(218.44 mm, 53.975 mm): Horizontal Wire, length 11.43 mm
[endpoint_off_grid]: Symbol pin or wire end off connection grid
    ; warning
    @(218.44 mm, 56.515 mm): Horizontal Wire, length 8.89 mm
[endpoint_off_grid]: Symbol pin or wire end off connection grid
    ; warning
    @(218.44 mm, 102.235 mm): Horizontal Wire, length 40.005 mm
[endpoint_off_grid]: Symbol pin or wire end off connection grid
    ; warning
    @(259.08 mm, 28.575 mm): Vertical Wire, length 1.905 mm
[endpoint_off_grid]: Symbol pin or wire end off connection grid
    ; warning
    @(259.08 mm, 28.575 mm): Symbol #PWR0262 Pin 1 [Power input, Line]
[endpoint_off_grid]: Symbol pin or wire end off connection grid
    ; warning
    @(259.08 mm, 71.755 mm): Symbol H8 Pin 1 [1, Input, Line]
[endpoint_off_grid]: Symbol pin or wire end off connection grid
    ; warning
    @(259.08 mm, 73.66 mm): Vertical Wire, length 1.905 mm
[endpoint_off_grid]: Symbol pin or wire end off connection grid
    ; warning
    @(260.985 mm, 154.305 mm): Symbol H2 Pin 1 [1, Input, Line]
[endpoint_off_grid]: Symbol pin or wire end off connection grid
    ; warning
    @(260.985 mm, 156.21 mm): Vertical Wire, length 1.905 mm
[endpoint_off_grid]: Symbol pin or wire end off connection grid
    ; warning
    @(260.985 mm, 156.21 mm): Symbol #PWR0263 Pin 1 [Power input, Line]
[endpoint_off_grid]: Symbol pin or wire end off connection grid
    ; warning
    @(52.07 mm, 162.56 mm): Vertical Wire, length 1.905 mm
[endpoint_off_grid]: Symbol pin or wire end off connection grid
    ; warning
    @(53.975 mm, 72.39 mm): Horizontal Wire, length 29.845 mm
[endpoint_off_grid]: Symbol pin or wire end off connection grid
    ; warning
    @(46.99 mm, 72.39 mm): Horizontal Wire, length 6.985 mm
[endpoint_off_grid]: Symbol pin or wire end off connection grid
    ; warning
    @(53.975 mm, 72.39 mm): Vertical Wire, length 5.08 mm
[endpoint_off_grid]: Symbol pin or wire end off connection grid
    ; warning
    @(53.975 mm, 77.47 mm): Symbol D17 Pin 2 [2, Unspecified, Line]
[endpoint_off_grid]: Symbol pin or wire end off connection grid
    ; warning
    @(59.055 mm, 93.98 mm): Symbol #PWR0202 Pin 1 [Power input, Line]
[endpoint_off_grid]: Symbol pin or wire end off connection grid
    ; warning
    @(59.055 mm, 93.98 mm): Vertical Wire, length 1.27 mm
[endpoint_off_grid]: Symbol pin or wire end off connection grid
    ; warning
    @(59.69 mm, 142.875 mm): Symbol SW4 Pin 1 [1, Unspecified, Line]
[endpoint_off_grid]: Symbol pin or wire end off connection grid
    ; warning
    @(59.69 mm, 150.495 mm): Horizontal Wire, length 2.54 mm
[endpoint_off_grid]: Symbol pin or wire end off connection grid
    ; warning
    @(59.69 mm, 153.035 mm): Horizontal Wire, length 2.54 mm
[endpoint_off_grid]: Symbol pin or wire end off connection grid
    ; warning
    @(61.595 mm, 142.875 mm): Horizontal Wire, length 1.905 mm
[endpoint_off_grid]: Symbol pin or wire end off connection grid
    ; warning
    @(62.23 mm, 150.495 mm): Horizontal Wire, length 8.89 mm
[endpoint_off_grid]: Symbol pin or wire end off connection grid
    ; warning
    @(62.23 mm, 153.035 mm): Vertical Wire, length 2.54 mm
[endpoint_off_grid]: Symbol pin or wire end off connection grid
    ; warning
    @(64.135 mm, 69.85 mm): Horizontal Wire, length 19.685 mm
[endpoint_off_grid]: Symbol pin or wire end off connection grid
    ; warning
    @(46.99 mm, 69.85 mm): Horizontal Wire, length 17.145 mm
[endpoint_off_grid]: Symbol pin or wire end off connection grid
    ; warning
    @(64.135 mm, 69.85 mm): Vertical Wire, length 7.62 mm
[endpoint_off_grid]: Symbol pin or wire end off connection grid
    ; warning
    @(69.215 mm, 142.875 mm): Horizontal Wire, length 7.62 mm
[endpoint_off_grid]: Symbol pin or wire end off connection grid
    ; warning
    @(69.215 mm, 142.875 mm): Symbol R90 Pin 2 [Passive, Line]
[endpoint_off_grid]: Symbol pin or wire end off connection grid
    ; warning
    @(98.425 mm, 144.78 mm): Horizontal Wire, length 3.175 mm
[endpoint_off_grid]: Symbol pin or wire end off connection grid
    ; warning
    @(98.425 mm, 147.32 mm): Horizontal Wire, length 3.175 mm
[endpoint_off_grid]: Symbol pin or wire end off connection grid
    ; warning
    @(108.585 mm, 69.85 mm): Horizontal Wire, length 1.905 mm
[endpoint_off_grid]: Symbol pin or wire end off connection grid
    ; warning
    @(108.585 mm, 72.39 mm): Horizontal Wire, length 1.905 mm
[endpoint_off_grid]: Symbol pin or wire end off connection grid
    ; warning
    @(116.205 mm, 69.85 mm): Horizontal Wire, length 13.335 mm
[endpoint_off_grid]: Symbol pin or wire end off connection grid
    ; warning
    @(116.205 mm, 69.85 mm): Symbol R91 Pin 2 [Passive, Line]
[endpoint_off_grid]: Symbol pin or wire end off connection grid
    ; warning
    @(116.205 mm, 72.39 mm): Horizontal Wire, length 13.335 mm
[endpoint_off_grid]: Symbol pin or wire end off connection grid
    ; warning
    @(116.205 mm, 72.39 mm): Symbol R92 Pin 2 [Passive, Line]
[endpoint_off_grid]: Symbol pin or wire end off connection grid
    ; warning
    @(180.34 mm, 145.415 mm): Vertical Wire, length 1.905 mm
[endpoint_off_grid]: Symbol pin or wire end off connection grid
    ; warning
    @(180.34 mm, 153.035 mm): Symbol C42 Pin 2 [Passive, Line]
[endpoint_off_grid]: Symbol pin or wire end off connection grid
    ; warning
    @(180.34 mm, 154.94 mm): Vertical Wire, length 1.905 mm
[endpoint_off_grid]: Symbol pin or wire end off connection grid
    ; warning
    @(193.04 mm, 145.415 mm): Vertical Wire, length 1.905 mm
[endpoint_off_grid]: Symbol pin or wire end off connection grid
    ; warning
    @(193.04 mm, 153.035 mm): Symbol C43 Pin 2 [Passive, Line]
[endpoint_off_grid]: Symbol pin or wire end off connection grid
    ; warning
    @(193.04 mm, 154.94 mm): Vertical Wire, length 1.905 mm
[endpoint_off_grid]: Symbol pin or wire end off connection grid
    ; warning
    @(203.835 mm, 92.71 mm): Symbol #PWR0269 Pin 1 [Power input, Line]
[endpoint_off_grid]: Symbol pin or wire end off connection grid
    ; warning
    @(203.835 mm, 92.71 mm): Vertical Wire, length 1.27 mm
[endpoint_off_grid]: Symbol pin or wire end off connection grid
    ; warning
    @(203.835 mm, 101.60 mm): Symbol C61 Pin 2 [Passive, Line]
[endpoint_off_grid]: Symbol pin or wire end off connection grid
    ; warning
    @(203.835 mm, 102.87 mm): Vertical Wire, length 1.27 mm
[endpoint_off_grid]: Symbol pin or wire end off connection grid
    ; warning
    @(203.835 mm, 102.87 mm): Symbol #PWR0204 Pin 1 [Power input, Line]
[endpoint_off_grid]: Symbol pin or wire end off connection grid
    ; warning
    @(215.265 mm, 92.71 mm): Vertical Wire, length 1.27 mm
[endpoint_off_grid]: Symbol pin or wire end off connection grid
    ; warning
    @(215.265 mm, 92.71 mm): Symbol #PWR0158 Pin 1 [Power input, Line]
[endpoint_off_grid]: Symbol pin or wire end off connection grid
    ; warning
    @(215.265 mm, 101.60 mm): Symbol C60 Pin 2 [Passive, Line]
[endpoint_off_grid]: Symbol pin or wire end off connection grid
    ; warning
    @(215.265 mm, 102.87 mm): Vertical Wire, length 1.27 mm
[endpoint_off_grid]: Symbol pin or wire end off connection grid
    ; warning
    @(215.265 mm, 102.87 mm): Symbol #PWR0268 Pin 1 [Power input, Line]
[endpoint_off_grid]: Symbol pin or wire end off connection grid
    ; warning
    @(220.345 mm, 147.32 mm): Horizontal Wire, length 25.40 mm
[endpoint_off_grid]: Symbol pin or wire end off connection grid
    ; warning
    @(220.345 mm, 152.40 mm): Horizontal Wire, length 25.40 mm
[endpoint_off_grid]: Symbol pin or wire end off connection grid
    ; warning
    @(236.22 mm, 66.675 mm): Horizontal Wire, length 7.62 mm
[endpoint_off_grid]: Symbol pin or wire end off connection grid
    ; warning
    @(236.22 mm, 69.215 mm): Horizontal Wire, length 7.62 mm
[endpoint_off_grid]: Symbol pin or wire end off connection grid
    ; warning
    @(236.855 mm, 61.595 mm): Horizontal Wire, length 6.985 mm
[endpoint_off_grid]: Symbol pin or wire end off connection grid
    ; warning
    @(236.855 mm, 61.595 mm): Symbol #PWR0210 Pin 1 [Power input, Line]
[endpoint_off_grid]: Symbol pin or wire end off connection grid
    ; warning
    @(236.855 mm, 64.135 mm): Horizontal Wire, length 6.985 mm
[endpoint_off_grid]: Symbol pin or wire end off connection grid
    ; warning
    @(236.855 mm, 64.135 mm): Symbol #PWR0211 Pin 1 [Power input, Line]
[endpoint_off_grid]: Symbol pin or wire end off connection grid
    ; warning
    @(236.855 mm, 95.25 mm): Symbol #PWR0267 Pin 1 [Power input, Line]
[endpoint_off_grid]: Symbol pin or wire end off connection grid
    ; warning
    @(236.855 mm, 95.25 mm): Horizontal Wire, length 1.905 mm
[endpoint_off_grid]: Symbol pin or wire end off connection grid
    ; warning
    @(236.855 mm, 97.79 mm): Symbol #PWR0137 Pin 1 [Power input, Line]
[endpoint_off_grid]: Symbol pin or wire end off connection grid
    ; warning
    @(236.855 mm, 97.79 mm): Horizontal Wire, length 1.905 mm
[endpoint_off_grid]: Symbol pin or wire end off connection grid
    ; warning
    @(243.84 mm, 61.595 mm): Symbol CN11 Pin 1 [1, Unspecified, Line]
[endpoint_off_grid]: Symbol pin or wire end off connection grid
    ; warning
    @(38.10 mm, 59.69 mm): Horizontal Wire, length 17.145 mm
[endpoint_off_grid]: Symbol pin or wire end off connection grid
    ; warning
    @(55.245 mm, 59.69 mm): Vertical Wire, length 5.715 mm
[endpoint_off_grid]: Symbol pin or wire end off connection grid
    ; warning
    @(55.245 mm, 59.69 mm): Horizontal Wire, length 5.715 mm
[endpoint_off_grid]: Symbol pin or wire end off connection grid
    ; warning
    @(55.245 mm, 164.465 mm): Vertical Wire, length 1.905 mm
[endpoint_off_grid]: Symbol pin or wire end off connection grid
    ; warning
    @(55.245 mm, 164.465 mm): Symbol #PWR0214 Pin 1 [Power input, Line]
[endpoint_off_grid]: Symbol pin or wire end off connection grid
    ; warning
    @(57.785 mm, 80.645 mm): Symbol D18 Pin 3 [3, Unspecified, Line]
[endpoint_off_grid]: Symbol pin or wire end off connection grid
    ; warning
    @(57.785 mm, 80.645 mm): Vertical Wire, length 1.27 mm
[endpoint_off_grid]: Symbol pin or wire end off connection grid
    ; warning
    @(57.785 mm, 81.915 mm): Symbol #PWR0215 Pin 1 [Power input, Line]
[endpoint_off_grid]: Symbol pin or wire end off connection grid
    ; warning
    @(38.10 mm, 57.15 mm): Horizontal Wire, length 22.225 mm
[endpoint_off_grid]: Symbol pin or wire end off connection grid
    ; warning
    @(60.325 mm, 57.15 mm): Horizontal Wire, length 8.89 mm
[endpoint_off_grid]: Symbol pin or wire end off connection grid
    ; warning
    @(60.325 mm, 65.405 mm): Vertical Wire, length 8.255 mm
[endpoint_off_grid]: Symbol pin or wire end off connection grid
    ; warning
    @(62.865 mm, 144.78 mm): Symbol SW5 Pin 1 [1, Unspecified, Line]
[endpoint_off_grid]: Symbol pin or wire end off connection grid
    ; warning
    @(62.865 mm, 152.40 mm): Horizontal Wire, length 2.54 mm
[endpoint_off_grid]: Symbol pin or wire end off connection grid
    ; warning
    @(62.865 mm, 154.94 mm): Horizontal Wire, length 2.54 mm
[endpoint_off_grid]: Symbol pin or wire end off connection grid
    ; warning
    @(64.135 mm, 144.78 mm): Horizontal Wire, length 1.27 mm
[endpoint_off_grid]: Symbol pin or wire end off connection grid
    ; warning
    @(65.405 mm, 152.40 mm): Horizontal Wire, length 13.97 mm
[endpoint_off_grid]: Symbol pin or wire end off connection grid
    ; warning
    @(65.405 mm, 154.94 mm): Vertical Wire, length 2.54 mm
[endpoint_off_grid]: Symbol pin or wire end off connection grid
    ; warning
    @(71.755 mm, 144.78 mm): Symbol R94 Pin 2 [Passive, Line]
[endpoint_off_grid]: Symbol pin or wire end off connection grid
    ; warning
    @(71.755 mm, 144.78 mm): Horizontal Wire, length 13.335 mm
[endpoint_off_grid]: Symbol pin or wire end off connection grid
    ; warning
    @(76.835 mm, 57.15 mm): Horizontal Wire, length 15.24 mm
[endpoint_off_grid]: Symbol pin or wire end off connection grid
    ; warning
    @(76.835 mm, 57.15 mm): Symbol R96 Pin 2 [Passive, Line]
[endpoint_off_grid]: Symbol pin or wire end off connection grid
    ; warning
    @(90.805 mm, 49.53 mm): Symbol #PWR0283 Pin 1 [Power input, Line]
[endpoint_off_grid]: Symbol pin or wire end off connection grid
    ; warning
    @(90.805 mm, 49.53 mm): Horizontal Wire, length 1.27 mm
[endpoint_off_grid]: Symbol pin or wire end off connection grid
    ; warning
    @(90.805 mm, 52.07 mm): Symbol #PWR0281 Pin 1 [Power input, Line]
[endpoint_off_grid]: Symbol pin or wire end off connection grid
    ; warning
    @(90.805 mm, 52.07 mm): Horizontal Wire, length 1.27 mm
[endpoint_off_grid]: Symbol pin or wire end off connection grid
    ; warning
    @(90.805 mm, 64.77 mm): Horizontal Wire, length 1.27 mm
[endpoint_off_grid]: Symbol pin or wire end off connection grid
    ; warning
    @(90.805 mm, 64.77 mm): Symbol #PWR0282 Pin 1 [Power input, Line]
[endpoint_off_grid]: Symbol pin or wire end off connection grid
    ; warning
    @(90.805 mm, 67.31 mm): Symbol #PWR0280 Pin 1 [Power input, Line]
[endpoint_off_grid]: Symbol pin or wire end off connection grid
    ; warning
    @(90.805 mm, 67.31 mm): Horizontal Wire, length 1.27 mm
[endpoint_off_grid]: Symbol pin or wire end off connection grid
    ; warning
    @(68.58 mm, 59.69 mm): Horizontal Wire, length 23.495 mm
[endpoint_off_grid]: Symbol pin or wire end off connection grid
    ; warning
    @(114.935 mm, 46.355 mm): Horizontal Wire, length 6.985 mm
[endpoint_off_grid]: Symbol pin or wire end off connection grid
    ; warning
    @(114.935 mm, 49.53 mm): Vertical Wire, length 3.175 mm
[endpoint_off_grid]: Symbol pin or wire end off connection grid
    ; warning
    @(114.935 mm, 50.165 mm): Horizontal Wire, length 6.985 mm
[endpoint_off_grid]: Symbol pin or wire end off connection grid
    ; warning
    @(114.935 mm, 52.07 mm): Vertical Wire, length 1.905 mm
[endpoint_off_grid]: Symbol pin or wire end off connection grid
    ; warning
    @(114.935 mm, 54.61 mm): Horizontal Wire, length 12.065 mm
[endpoint_off_grid]: Symbol pin or wire end off connection grid
    ; warning
    @(114.935 mm, 59.69 mm): Horizontal Wire, length 1.27 mm
[endpoint_off_grid]: Symbol pin or wire end off connection grid
    ; warning
    @(127.00 mm, 62.23 mm): Horizontal Wire, length 12.065 mm
[endpoint_off_grid]: Symbol pin or wire end off connection grid
    ; warning
    @(114.935 mm, 64.77 mm): Symbol U18 Pin 7 [NC, Unspecified, Line]
[endpoint_off_grid]: Symbol pin or wire end off connection grid
    ; warning
    @(116.205 mm, 57.15 mm): Horizontal Wire, length 1.27 mm
[endpoint_off_grid]: Symbol pin or wire end off connection grid
    ; warning
    @(116.205 mm, 58.42 mm): Horizontal Wire, length 10.795 mm
[endpoint_off_grid]: Symbol pin or wire end off connection grid
    ; warning
    @(116.205 mm, 58.42 mm): Vertical Wire, length 1.27 mm
[endpoint_off_grid]: Symbol pin or wire end off connection grid
    ; warning
    @(116.205 mm, 59.69 mm): Vertical Wire, length 1.27 mm
[endpoint_off_grid]: Symbol pin or wire end off connection grid
    ; warning
    @(117.475 mm, 67.31 mm): Horizontal Wire, length 2.54 mm
[endpoint_off_grid]: Symbol pin or wire end off connection grid
    ; warning
    @(117.475 mm, 68.58 mm): Symbol #PWR0279 Pin 1 [Power input, Line]
[endpoint_off_grid]: Symbol pin or wire end off connection grid
    ; warning
    @(117.475 mm, 68.58 mm): Vertical Wire, length 1.27 mm
[endpoint_off_grid]: Symbol pin or wire end off connection grid
    ; warning
    @(121.92 mm, 46.355 mm): Symbol #PWR0278 Pin 1 [Power input, Line]
[endpoint_off_grid]: Symbol pin or wire end off connection grid
    ; warning
    @(121.92 mm, 50.165 mm): Symbol #PWR0277 Pin 1 [Power input, Line]
[endpoint_off_grid]: Symbol pin or wire end off connection grid
    ; warning
    @(177.165 mm, 152.40 mm): Horizontal Wire, length 13.335 mm
[endpoint_off_grid]: Symbol pin or wire end off connection grid
    ; warning
    @(177.165 mm, 156.845 mm): Horizontal Wire, length 13.335 mm
[endpoint_off_grid]: Symbol pin or wire end off connection grid
    ; warning
    @(179.705 mm, 138.43 mm): Horizontal Wire, length 12.065 mm
[endpoint_off_grid]: Symbol pin or wire end off connection grid
    ; warning
    @(190.50 mm, 147.955 mm): Horizontal Wire, length 13.335 mm
[endpoint_off_grid]: Symbol pin or wire end off connection grid
    ; warning
    @(191.77 mm, 127.635 mm): Vertical Wire, length 1.27 mm
[endpoint_off_grid]: Symbol pin or wire end off connection grid
    ; warning
    @(191.77 mm, 136.525 mm): Symbol R97 Pin 2 [Passive, Line]
[endpoint_off_grid]: Symbol pin or wire end off connection grid
    ; warning
    @(191.77 mm, 136.525 mm): Vertical Wire, length 1.905 mm
[endpoint_off_grid]: Symbol pin or wire end off connection grid
    ; warning
    @(201.93 mm, 126.365 mm): Vertical Wire, length 1.27 mm
[endpoint_off_grid]: Symbol pin or wire end off connection grid
    ; warning
    @(201.93 mm, 126.365 mm): Symbol #PWR0220 Pin 1 [Power input, Line]
[endpoint_off_grid]: Symbol pin or wire end off connection grid
    ; warning
    @(201.93 mm, 127.635 mm): Vertical Wire, length 1.27 mm
[endpoint_off_grid]: Symbol pin or wire end off connection grid
    ; warning
    @(201.93 mm, 127.635 mm): Horizontal Wire, length 10.16 mm
[endpoint_off_grid]: Symbol pin or wire end off connection grid
    ; warning
    @(201.93 mm, 136.525 mm): Vertical Wire, length 1.27 mm
[endpoint_off_grid]: Symbol pin or wire end off connection grid
    ; warning
    @(201.93 mm, 136.525 mm): Symbol C44 Pin 2 [Passive, Line]
[endpoint_off_grid]: Symbol pin or wire end off connection grid
    ; warning
    @(201.93 mm, 137.795 mm): Symbol #PWR0221 Pin 1 [Power input, Line]
[endpoint_off_grid]: Symbol pin or wire end off connection grid
    ; warning
    @(222.25 mm, 127.635 mm): Horizontal Wire, length 10.795 mm
[endpoint_off_grid]: Symbol pin or wire end off connection grid
    ; warning
    @(222.25 mm, 128.905 mm): Vertical Wire, length 1.27 mm
[endpoint_off_grid]: Symbol pin or wire end off connection grid
    ; warning
    @(222.25 mm, 136.525 mm): Symbol R98 Pin 2 [Passive, Line]
[endpoint_off_grid]: Symbol pin or wire end off connection grid
    ; warning
    @(222.25 mm, 137.795 mm): Vertical Wire, length 1.27 mm
[endpoint_off_grid]: Symbol pin or wire end off connection grid
    ; warning
    @(222.25 mm, 137.795 mm): Symbol #PWR0222 Pin 1 [Power input, Line]
[endpoint_off_grid]: Symbol pin or wire end off connection grid
    ; warning
    @(229.87 mm, 94.615 mm): Symbol #PWR0218 Pin 1 [Power input, Line]
[endpoint_off_grid]: Symbol pin or wire end off connection grid
    ; warning
    @(229.87 mm, 94.615 mm): Horizontal Wire, length 12.70 mm
[endpoint_off_grid]: Symbol pin or wire end off connection grid
    ; warning
    @(229.87 mm, 97.155 mm): Symbol #PWR0219 Pin 1 [Power input, Line]
[endpoint_off_grid]: Symbol pin or wire end off connection grid
    ; warning
    @(229.87 mm, 97.155 mm): Horizontal Wire, length 12.70 mm
[endpoint_off_grid]: Symbol pin or wire end off connection grid
    ; warning
    @(229.87 mm, 99.695 mm): Horizontal Wire, length 12.70 mm
[endpoint_off_grid]: Symbol pin or wire end off connection grid
    ; warning
    @(229.87 mm, 102.235 mm): Horizontal Wire, length 12.70 mm
[endpoint_off_grid]: Symbol pin or wire end off connection grid
    ; warning
    @(231.775 mm, 58.42 mm): Horizontal Wire, length 1.27 mm
[endpoint_off_grid]: Symbol pin or wire end off connection grid
    ; warning
    @(231.775 mm, 58.42 mm): Symbol #PWR0275 Pin 1 [Power input, Line]
[endpoint_off_grid]: Symbol pin or wire end off connection grid
    ; warning
    @(233.045 mm, 50.80 mm): Symbol U23 Pin 1 [GND, Unspecified, Line]
[endpoint_off_grid]: Symbol pin or wire end off connection grid
    ; warning
    @(231.14 mm, 50.80 mm): Horizontal Wire, length 1.905 mm
[endpoint_off_grid]: Symbol pin or wire end off connection grid
    ; warning
    @(231.14 mm, 53.34 mm): Horizontal Wire, length 1.905 mm
[endpoint_off_grid]: Symbol pin or wire end off connection grid
    ; warning
    @(242.57 mm, 94.615 mm): Symbol CN12 Pin 1 [1, Unspecified, Line]
[endpoint_off_grid]: Symbol pin or wire end off connection grid
    ; warning
    @(254.635 mm, 58.42 mm): Symbol #PWR0276 Pin 1 [Power input, Line]
[endpoint_off_grid]: Symbol pin or wire end off connection grid
    ; warning
    @(254.635 mm, 58.42 mm): Horizontal Wire, length 1.27 mm
[endpoint_off_grid]: Symbol pin or wire end off connection grid
    ; warning
    @(31.115 mm, 164.465 mm): Symbol #PWR0223 Pin 1 [Power input, Line]
[endpoint_off_grid]: Symbol pin or wire end off connection grid
    ; warning
    @(31.115 mm, 164.465 mm): Vertical Wire, length 1.27 mm
[endpoint_off_grid]: Symbol pin or wire end off connection grid
    ; warning
    @(31.115 mm, 173.355 mm): Vertical Wire, length 1.27 mm
[endpoint_off_grid]: Symbol pin or wire end off connection grid
    ; warning
    @(31.115 mm, 173.355 mm): Symbol C45 Pin 2 [Passive, Line]
[endpoint_off_grid]: Symbol pin or wire end off connection grid
    ; warning
    @(31.115 mm, 174.625 mm): Horizontal Wire, length 9.525 mm
[endpoint_off_grid]: Symbol pin or wire end off connection grid
    ; warning
    @(40.005 mm, 38.10 mm): Horizontal Wire, length 19.685 mm
[endpoint_off_grid]: Symbol pin or wire end off connection grid
    ; warning
    @(40.005 mm, 40.64 mm): Horizontal Wire, length 19.685 mm
[endpoint_off_grid]: Symbol pin or wire end off connection grid
    ; warning
    @(40.005 mm, 48.26 mm): Horizontal Wire, length 19.685 mm
[endpoint_off_grid]: Symbol pin or wire end off connection grid
    ; warning
    @(40.005 mm, 50.80 mm): Horizontal Wire, length 19.685 mm
[endpoint_off_grid]: Symbol pin or wire end off connection grid
    ; warning
    @(40.005 mm, 156.21 mm): Horizontal Wire, length 6.985 mm
[endpoint_off_grid]: Symbol pin or wire end off connection grid
    ; warning
    @(40.64 mm, 165.735 mm): Horizontal Wire, length 9.525 mm
[endpoint_off_grid]: Symbol pin or wire end off connection grid
    ; warning
    @(40.64 mm, 169.545 mm): Vertical Wire, length 3.81 mm
[endpoint_off_grid]: Symbol pin or wire end off connection grid
    ; warning
    @(47.625 mm, 60.96 mm): Horizontal Wire, length 12.065 mm
[endpoint_off_grid]: Symbol pin or wire end off connection grid
    ; warning
    @(47.625 mm, 96.52 mm): Horizontal Wire, length 12.065 mm
[endpoint_off_grid]: Symbol pin or wire end off connection grid
    ; warning
    @(48.895 mm, 58.42 mm): Horizontal Wire, length 10.795 mm
[endpoint_off_grid]: Symbol pin or wire end off connection grid
    ; warning
    @(48.895 mm, 58.42 mm): Symbol #PWR0225 Pin 1 [Power input, Line]
[endpoint_off_grid]: Symbol pin or wire end off connection grid
    ; warning
    @(48.895 mm, 86.36 mm): Horizontal Wire, length 10.795 mm
[endpoint_off_grid]: Symbol pin or wire end off connection grid
    ; warning
    @(48.895 mm, 91.44 mm): Horizontal Wire, length 10.795 mm
[endpoint_off_grid]: Symbol pin or wire end off connection grid
    ; warning
    @(55.88 mm, 174.625 mm): Symbol X1 Pin 2 [GND, Unspecified, Line]
[endpoint_off_grid]: Symbol pin or wire end off connection grid
    ; warning
    @(55.88 mm, 179.705 mm): Vertical Wire, length 5.08 mm
[endpoint_off_grid]: Symbol pin or wire end off connection grid
    ; warning
    @(57.785 mm, 43.18 mm): Symbol #PWR0234 Pin 1 [Power input, Line]
[endpoint_off_grid]: Symbol pin or wire end off connection grid
    ; warning
    @(57.785 mm, 43.18 mm): Horizontal Wire, length 1.905 mm
[endpoint_off_grid]: Symbol pin or wire end off connection grid
    ; warning
    @(57.785 mm, 45.72 mm): Horizontal Wire, length 1.905 mm
[endpoint_off_grid]: Symbol pin or wire end off connection grid
    ; warning
    @(57.785 mm, 45.72 mm): Symbol #PWR0235 Pin 1 [Power input, Line]
[endpoint_off_grid]: Symbol pin or wire end off connection grid
    ; warning
    @(61.595 mm, 169.545 mm): Horizontal Wire, length 5.715 mm
[endpoint_off_grid]: Symbol pin or wire end off connection grid
    ; warning
    @(61.595 mm, 169.545 mm): Horizontal Wire, length 2.54 mm
[endpoint_off_grid]: Symbol pin or wire end off connection grid
    ; warning
    @(61.595 mm, 170.815 mm): Vertical Wire, length 1.27 mm
[endpoint_off_grid]: Symbol pin or wire end off connection grid
    ; warning
    @(61.595 mm, 178.435 mm): Symbol C46 Pin 2 [Passive, Line]
[endpoint_off_grid]: Symbol pin or wire end off connection grid
    ; warning
    @(61.595 mm, 179.705 mm): Horizontal Wire, length 5.715 mm
[endpoint_off_grid]: Symbol pin or wire end off connection grid
    ; warning
    @(61.595 mm, 179.705 mm): Vertical Wire, length 1.27 mm
[endpoint_off_grid]: Symbol pin or wire end off connection grid
    ; warning
    @(61.595 mm, 180.975 mm): Vertical Wire, length 1.27 mm
[endpoint_off_grid]: Symbol pin or wire end off connection grid
    ; warning
    @(61.595 mm, 180.975 mm): Symbol #PWR0236 Pin 1 [Power input, Line]
[endpoint_off_grid]: Symbol pin or wire end off connection grid
    ; warning
    @(99.06 mm, 147.955 mm): Horizontal Wire, length 8.255 mm
[endpoint_off_grid]: Symbol pin or wire end off connection grid
    ; warning
    @(99.06 mm, 151.765 mm): Vertical Wire, length 3.81 mm
[endpoint_off_grid]: Symbol pin or wire end off connection grid
    ; warning
    @(99.06 mm, 161.29 mm): Vertical Wire, length 1.905 mm
[endpoint_off_grid]: Symbol pin or wire end off connection grid
    ; warning
    @(99.06 mm, 159.385 mm): Symbol R119 Pin 2 [Passive, Line]
[endpoint_off_grid]: Symbol pin or wire end off connection grid
    ; warning
    @(92.71 mm, 66.04 mm): Horizontal Wire, length 6.985 mm
[endpoint_off_grid]: Symbol pin or wire end off connection grid
    ; warning
    @(92.71 mm, 68.58 mm): Horizontal Wire, length 6.985 mm
[endpoint_off_grid]: Symbol pin or wire end off connection grid
    ; warning
    @(92.71 mm, 71.12 mm): Horizontal Wire, length 6.985 mm
[endpoint_off_grid]: Symbol pin or wire end off connection grid
    ; warning
    @(92.71 mm, 73.66 mm): Horizontal Wire, length 6.985 mm
[endpoint_off_grid]: Symbol pin or wire end off connection grid
    ; warning
    @(92.71 mm, 76.20 mm): Horizontal Wire, length 6.985 mm
[endpoint_off_grid]: Symbol pin or wire end off connection grid
    ; warning
    @(92.71 mm, 78.74 mm): Horizontal Wire, length 6.985 mm
[endpoint_off_grid]: Symbol pin or wire end off connection grid
    ; warning
    @(104.775 mm, 96.52 mm): Horizontal Wire, length 12.065 mm
[endpoint_off_grid]: Symbol pin or wire end off connection grid
    ; warning
    @(107.315 mm, 147.955 mm): Vertical Wire, length 3.81 mm
[endpoint_off_grid]: Symbol pin or wire end off connection grid
    ; warning
    @(107.315 mm, 159.385 mm): Vertical Wire, length 1.905 mm
[endpoint_off_grid]: Symbol pin or wire end off connection grid
    ; warning
    @(107.315 mm, 159.385 mm): Symbol R120 Pin 2 [Passive, Line]
[endpoint_off_grid]: Symbol pin or wire end off connection grid
    ; warning
    @(107.315 mm, 161.29 mm): Vertical Wire, length 1.27 mm
[endpoint_off_grid]: Symbol pin or wire end off connection grid
    ; warning
    @(107.315 mm, 161.29 mm): Horizontal Wire, length 8.255 mm
[endpoint_off_grid]: Symbol pin or wire end off connection grid
    ; warning
    @(107.315 mm, 162.56 mm): Symbol #PWR0241 Pin 1 [Power input, Line]
[endpoint_off_grid]: Symbol pin or wire end off connection grid
    ; warning
    @(107.315 mm, 174.625 mm): Vertical Wire, length 1.905 mm
[endpoint_off_grid]: Symbol pin or wire end off connection grid
    ; warning
    @(107.315 mm, 174.625 mm): Symbol #PWR0242 Pin 1 [Power input, Line]
[endpoint_off_grid]: Symbol pin or wire end off connection grid
    ; warning
    @(107.315 mm, 184.15 mm): Symbol R101 Pin 2 [Passive, Line]
[endpoint_off_grid]: Symbol pin or wire end off connection grid
    ; warning
    @(107.315 mm, 186.69 mm): Vertical Wire, length 2.54 mm
[endpoint_off_grid]: Symbol pin or wire end off connection grid
    ; warning
    @(109.855 mm, 186.69 mm): Horizontal Wire, length 2.54 mm
[endpoint_off_grid]: Symbol pin or wire end off connection grid
    ; warning
    @(118.745 mm, 147.955 mm): Horizontal Wire, length 11.43 mm
[endpoint_off_grid]: Symbol pin or wire end off connection grid
    ; warning
    @(122.555 mm, 147.955 mm): Vertical Wire, length 3.81 mm
[endpoint_off_grid]: Symbol pin or wire end off connection grid
    ; warning
    @(122.555 mm, 159.385 mm): Symbol C47 Pin 2 [Passive, Line]
[endpoint_off_grid]: Symbol pin or wire end off connection grid
    ; warning
    @(122.555 mm, 159.385 mm): Vertical Wire, length 1.27 mm
[endpoint_off_grid]: Symbol pin or wire end off connection grid
    ; warning
    @(122.555 mm, 160.655 mm): Symbol #PWR0243 Pin 1 [Power input, Line]
[endpoint_off_grid]: Symbol pin or wire end off connection grid
    ; warning
    @(122.555 mm, 174.625 mm): Symbol #PWR0244 Pin 1 [Power input, Line]
[endpoint_off_grid]: Symbol pin or wire end off connection grid
    ; warning
    @(122.555 mm, 174.625 mm): Vertical Wire, length 1.905 mm
[endpoint_off_grid]: Symbol pin or wire end off connection grid
    ; warning
    @(122.555 mm, 184.15 mm): Symbol R102 Pin 2 [Passive, Line]
[endpoint_off_grid]: Symbol pin or wire end off connection grid
    ; warning
    @(122.555 mm, 186.69 mm): Vertical Wire, length 2.54 mm
[endpoint_off_grid]: Symbol pin or wire end off connection grid
    ; warning
    @(125.095 mm, 186.69 mm): Horizontal Wire, length 2.54 mm
[endpoint_off_grid]: Symbol pin or wire end off connection grid
    ; warning
    @(132.715 mm, 147.955 mm): Horizontal Wire, length 10.16 mm
[endpoint_off_grid]: Symbol pin or wire end off connection grid
    ; warning
    @(137.16 mm, 147.955 mm): Vertical Wire, length 3.81 mm
[endpoint_off_grid]: Symbol pin or wire end off connection grid
    ; warning
    @(137.16 mm, 159.385 mm): Symbol C48 Pin 2 [Passive, Line]
[endpoint_off_grid]: Symbol pin or wire end off connection grid
    ; warning
    @(137.16 mm, 159.385 mm): Vertical Wire, length 1.27 mm
[endpoint_off_grid]: Symbol pin or wire end off connection grid
    ; warning
    @(137.16 mm, 160.655 mm): Symbol #PWR0245 Pin 1 [Power input, Line]
[endpoint_off_grid]: Symbol pin or wire end off connection grid
    ; warning
    @(137.16 mm, 174.625 mm): Vertical Wire, length 1.905 mm
[endpoint_off_grid]: Symbol pin or wire end off connection grid
    ; warning
    @(137.16 mm, 174.625 mm): Symbol #PWR0246 Pin 1 [Power input, Line]
[endpoint_off_grid]: Symbol pin or wire end off connection grid
    ; warning
    @(153.67 mm, 115.57 mm): Horizontal Wire, length 9.525 mm
[endpoint_off_grid]: Symbol pin or wire end off connection grid
    ; warning
    @(153.67 mm, 124.46 mm): Horizontal Wire, length 9.525 mm
[endpoint_off_grid]: Symbol pin or wire end off connection grid
    ; warning
    @(144.78 mm, 147.955 mm): Horizontal Wire, length 7.62 mm
[endpoint_off_grid]: Symbol pin or wire end off connection grid
    ; warning
    @(151.765 mm, 41.275 mm): Symbol #PWR0247 Pin 1 [Power input, Line]
[endpoint_off_grid]: Symbol pin or wire end off connection grid
    ; warning
    @(151.765 mm, 41.275 mm): Horizontal Wire, length 1.27 mm
[endpoint_off_grid]: Symbol pin or wire end off connection grid
    ; warning
    @(151.765 mm, 75.565 mm): Symbol #PWR0257 Pin 1 [Power input, Line]
[endpoint_off_grid]: Symbol pin or wire end off connection grid
    ; warning
    @(151.765 mm, 75.565 mm): Horizontal Wire, length 1.27 mm
[endpoint_off_grid]: Symbol pin or wire end off connection grid
    ; warning
    @(153.67 mm, 107.315 mm): Horizontal Wire, length 9.525 mm
[endpoint_off_grid]: Symbol pin or wire end off connection grid
    ; warning
    @(153.67 mm, 132.715 mm): Horizontal Wire, length 9.525 mm
[endpoint_off_grid]: Symbol pin or wire end off connection grid
    ; warning
    @(161.29 mm, 107.315 mm): Symbol R104 Pin 2 [Passive, Line]
[endpoint_off_grid]: Symbol pin or wire end off connection grid
    ; warning
    @(161.29 mm, 132.715 mm): Symbol R107 Pin 2 [Passive, Line]
[endpoint_off_grid]: Symbol pin or wire end off connection grid
    ; warning
    @(165.735 mm, 124.46 mm): Horizontal Wire, length 4.445 mm
[endpoint_off_grid]: Symbol pin or wire end off connection grid
    ; warning
    @(165.735 mm, 132.715 mm): Horizontal Wire, length 4.445 mm
[endpoint_off_grid]: Symbol pin or wire end off connection grid
    ; warning
    @(170.815 mm, 107.315 mm): Horizontal Wire, length 9.525 mm
[endpoint_off_grid]: Symbol pin or wire end off connection grid
    ; warning
    @(170.815 mm, 115.57 mm): Horizontal Wire, length 9.525 mm
[endpoint_off_grid]: Symbol pin or wire end off connection grid
    ; warning
    @(173.355 mm, 48.895 mm): Horizontal Wire, length 10.16 mm
[endpoint_off_grid]: Symbol pin or wire end off connection grid
    ; warning
    @(173.355 mm, 48.895 mm): Symbol D19 Pin 4 [4, Unspecified, Line]
[endpoint_off_grid]: Symbol pin or wire end off connection grid
    ; warning
    @(173.355 mm, 83.185 mm): Symbol D20 Pin 4 [4, Unspecified, Line]
[endpoint_off_grid]: Symbol pin or wire end off connection grid
    ; warning
    @(182.88 mm, 67.945 mm): Horizontal Wire, length 9.525 mm
[endpoint_off_grid]: Symbol pin or wire end off connection grid
    ; warning
    @(182.88 mm, 83.185 mm): Horizontal Wire, length 9.525 mm
[endpoint_off_grid]: Symbol pin or wire end off connection grid
    ; warning
    @(183.515 mm, 33.655 mm): Horizontal Wire, length 10.16 mm
[endpoint_off_grid]: Symbol pin or wire end off connection grid
    ; warning
    @(202.565 mm, 143.51 mm): Vertical Wire, length 1.905 mm
[endpoint_off_grid]: Symbol pin or wire end off connection grid
    ; warning
    @(202.565 mm, 143.51 mm): Symbol #PWR0248 Pin 1 [Power input, Line]
[endpoint_off_grid]: Symbol pin or wire end off connection grid
    ; warning
    @(202.565 mm, 153.035 mm): Symbol C49 Pin 2 [Passive, Line]
[endpoint_off_grid]: Symbol pin or wire end off connection grid
    ; warning
    @(202.565 mm, 153.035 mm): Vertical Wire, length 1.27 mm
[endpoint_off_grid]: Symbol pin or wire end off connection grid
    ; warning
    @(202.565 mm, 154.305 mm): Symbol #PWR0249 Pin 1 [Power input, Line]
[endpoint_off_grid]: Symbol pin or wire end off connection grid
    ; warning
    @(208.915 mm, 109.22 mm): Horizontal Wire, length 9.525 mm
[endpoint_off_grid]: Symbol pin or wire end off connection grid
    ; warning
    @(212.725 mm, 72.39 mm): Symbol C51 Pin 2 [Passive, Line]
[endpoint_off_grid]: Symbol pin or wire end off connection grid
    ; warning
    @(205.74 mm, 72.39 mm): Horizontal Wire, length 6.985 mm
[endpoint_off_grid]: Symbol pin or wire end off connection grid
    ; warning
    @(213.995 mm, 144.145 mm): Vertical Wire, length 1.27 mm
[endpoint_off_grid]: Symbol pin or wire end off connection grid
    ; warning
    @(213.995 mm, 153.035 mm): Symbol C50 Pin 2 [Passive, Line]
[endpoint_off_grid]: Symbol pin or wire end off connection grid
    ; warning
    @(213.995 mm, 153.035 mm): Vertical Wire, length 1.27 mm
[endpoint_off_grid]: Symbol pin or wire end off connection grid
    ; warning
    @(213.995 mm, 154.305 mm): Horizontal Wire, length 10.795 mm
[endpoint_off_grid]: Symbol pin or wire end off connection grid
    ; warning
    @(218.44 mm, 95.885 mm): Vertical Wire, length 2.54 mm
[endpoint_off_grid]: Symbol pin or wire end off connection grid
    ; warning
    @(218.44 mm, 95.885 mm): Horizontal Wire, length 4.445 mm
[endpoint_off_grid]: Symbol pin or wire end off connection grid
    ; warning
    @(218.44 mm, 98.425 mm): Symbol R108 Pin 2 [Passive, Line]
[endpoint_off_grid]: Symbol pin or wire end off connection grid
    ; warning
    @(218.44 mm, 109.22 mm): Vertical Wire, length 3.175 mm
[endpoint_off_grid]: Symbol pin or wire end off connection grid
    ; warning
    @(220.345 mm, 72.39 mm): Horizontal Wire, length 3.81 mm
[endpoint_off_grid]: Symbol pin or wire end off connection grid
    ; warning
    @(222.885 mm, 94.615 mm): Symbol #PWR0250 Pin 1 [Power input, Line]
[endpoint_off_grid]: Symbol pin or wire end off connection grid
    ; warning
    @(222.885 mm, 94.615 mm): Vertical Wire, length 1.27 mm
[endpoint_off_grid]: Symbol pin or wire end off connection grid
    ; warning
    @(222.885 mm, 95.885 mm): Horizontal Wire, length 4.445 mm
[endpoint_off_grid]: Symbol pin or wire end off connection grid
    ; warning
    @(224.155 mm, 72.39 mm): Vertical Wire, length 1.905 mm
[endpoint_off_grid]: Symbol pin or wire end off connection grid
    ; warning
    @(224.155 mm, 74.295 mm): Symbol R109 Pin 2 [Passive, Line]
[endpoint_off_grid]: Symbol pin or wire end off connection grid
    ; warning
    @(224.155 mm, 83.82 mm): Vertical Wire, length 1.905 mm
[endpoint_off_grid]: Symbol pin or wire end off connection grid
    ; warning
    @(232.41 mm, 83.82 mm): Horizontal Wire, length 8.255 mm
[endpoint_off_grid]: Symbol pin or wire end off connection grid
    ; warning
    @(224.79 mm, 144.145 mm): Horizontal Wire, length 10.795 mm
[endpoint_off_grid]: Symbol pin or wire end off connection grid
    ; warning
    @(224.79 mm, 144.145 mm): Horizontal Wire, length 10.795 mm
[endpoint_off_grid]: Symbol pin or wire end off connection grid
    ; warning
    @(224.79 mm, 145.415 mm): Vertical Wire, length 1.27 mm
[endpoint_off_grid]: Symbol pin or wire end off connection grid
    ; warning
    @(224.79 mm, 153.035 mm): Vertical Wire, length 1.27 mm
[endpoint_off_grid]: Symbol pin or wire end off connection grid
    ; warning
    @(224.79 mm, 153.035 mm): Symbol C52 Pin 2 [Passive, Line]
[endpoint_off_grid]: Symbol pin or wire end off connection grid
    ; warning
    @(224.79 mm, 154.305 mm): Horizontal Wire, length 10.795 mm
[endpoint_off_grid]: Symbol pin or wire end off connection grid
    ; warning
    @(227.33 mm, 95.885 mm): Vertical Wire, length 2.54 mm
[endpoint_off_grid]: Symbol pin or wire end off connection grid
    ; warning
    @(227.33 mm, 98.425 mm): Symbol R110 Pin 2 [Passive, Line]
[endpoint_off_grid]: Symbol pin or wire end off connection grid
    ; warning
    @(227.33 mm, 109.22 mm): Vertical Wire, length 3.175 mm
[endpoint_off_grid]: Symbol pin or wire end off connection grid
    ; warning
    @(232.41 mm, 74.295 mm): Symbol R111 Pin 2 [Passive, Line]
[endpoint_off_grid]: Symbol pin or wire end off connection grid
    ; warning
    @(232.41 mm, 72.39 mm): Vertical Wire, length 1.905 mm
[endpoint_off_grid]: Symbol pin or wire end off connection grid
    ; warning
    @(232.41 mm, 81.915 mm): Vertical Wire, length 1.905 mm
[endpoint_off_grid]: Symbol pin or wire end off connection grid
    ; warning
    @(233.045 mm, 134.62 mm): Symbol #PWR0251 Pin 1 [Power input, Line]
[endpoint_off_grid]: Symbol pin or wire end off connection grid
    ; warning
    @(233.045 mm, 134.62 mm): Horizontal Wire, length 2.54 mm
[endpoint_off_grid]: Symbol pin or wire end off connection grid
    ; warning
    @(232.41 mm, 72.39 mm): Horizontal Wire, length 3.175 mm
[endpoint_off_grid]: Symbol pin or wire end off connection grid
    ; warning
    @(235.585 mm, 134.62 mm): Symbol L3 Pin 1 [1, Unspecified, Line]
[endpoint_off_grid]: Symbol pin or wire end off connection grid
    ; warning
    @(235.585 mm, 144.145 mm): Horizontal Wire, length 5.715 mm
[endpoint_off_grid]: Symbol pin or wire end off connection grid
    ; warning
    @(235.585 mm, 145.415 mm): Vertical Wire, length 1.27 mm
[endpoint_off_grid]: Symbol pin or wire end off connection grid
    ; warning
    @(235.585 mm, 153.035 mm): Symbol C53 Pin 2 [Passive, Line]
[endpoint_off_grid]: Symbol pin or wire end off connection grid
    ; warning
    @(235.585 mm, 153.035 mm): Vertical Wire, length 1.27 mm
[endpoint_off_grid]: Symbol pin or wire end off connection grid
    ; warning
    @(235.585 mm, 154.305 mm): Horizontal Wire, length 5.715 mm
[endpoint_off_grid]: Symbol pin or wire end off connection grid
    ; warning
    @(246.38 mm, 83.82 mm): Horizontal Wire, length 9.525 mm
[endpoint_off_grid]: Symbol pin or wire end off connection grid
    ; warning
    @(232.41 mm, 83.82 mm): Horizontal Wire, length 4.445 mm
[endpoint_off_grid]: Symbol pin or wire end off connection grid
    ; warning
    @(236.855 mm, 91.44 mm): Symbol C54 Pin 2 [Passive, Line]
[endpoint_off_grid]: Symbol pin or wire end off connection grid
    ; warning
    @(236.855 mm, 92.71 mm): Symbol #PWR0252 Pin 1 [Power input, Line]
[endpoint_off_grid]: Symbol pin or wire end off connection grid
    ; warning
    @(236.855 mm, 92.71 mm): Vertical Wire, length 1.27 mm
[endpoint_off_grid]: Symbol pin or wire end off connection grid
    ; warning
    @(241.30 mm, 142.875 mm): Symbol #PWR0253 Pin 1 [Power input, Line]
[endpoint_off_grid]: Symbol pin or wire end off connection grid
    ; warning
    @(241.30 mm, 142.875 mm): Vertical Wire, length 1.27 mm
[endpoint_off_grid]: Symbol pin or wire end off connection grid
    ; warning
    @(241.30 mm, 144.145 mm): Horizontal Wire, length 5.715 mm
[endpoint_off_grid]: Symbol pin or wire end off connection grid
    ; warning
    @(241.30 mm, 154.305 mm): Horizontal Wire, length 5.715 mm
[endpoint_off_grid]: Symbol pin or wire end off connection grid
    ; warning
    @(241.30 mm, 156.21 mm): Vertical Wire, length 1.905 mm
[endpoint_off_grid]: Symbol pin or wire end off connection grid
    ; warning
    @(243.205 mm, 72.39 mm): Horizontal Wire, length 7.62 mm
[endpoint_off_grid]: Symbol pin or wire end off connection grid
    ; warning
    @(243.205 mm, 72.39 mm): Symbol C55 Pin 2 [Passive, Line]
[endpoint_off_grid]: Symbol pin or wire end off connection grid
    ; warning
    @(245.745 mm, 134.62 mm): Horizontal Wire, length 2.54 mm
[endpoint_off_grid]: Symbol pin or wire end off connection grid
    ; warning
    @(247.015 mm, 144.145 mm): Vertical Wire, length 1.27 mm
[endpoint_off_grid]: Symbol pin or wire end off connection grid
    ; warning
    @(247.015 mm, 153.035 mm): Symbol C56 Pin 2 [Passive, Line]
[endpoint_off_grid]: Symbol pin or wire end off connection grid
    ; warning
    @(247.015 mm, 153.035 mm): Vertical Wire, length 1.27 mm
[endpoint_off_grid]: Symbol pin or wire end off connection grid
    ; warning
    @(247.015 mm, 154.305 mm): Horizontal Wire, length 10.795 mm
[endpoint_off_grid]: Symbol pin or wire end off connection grid
    ; warning
    @(248.285 mm, 49.53 mm): Horizontal Wire, length 1.905 mm
[endpoint_off_grid]: Symbol pin or wire end off connection grid
    ; warning
    @(248.285 mm, 50.80 mm): Horizontal Wire, length 2.54 mm
[endpoint_off_grid]: Symbol pin or wire end off connection grid
    ; warning
    @(248.285 mm, 50.80 mm): Vertical Wire, length 1.27 mm
[endpoint_off_grid]: Symbol pin or wire end off connection grid
    ; warning
    @(246.38 mm, 52.07 mm): Horizontal Wire, length 1.905 mm
[endpoint_off_grid]: Symbol pin or wire end off connection grid
    ; warning
    @(248.285 mm, 52.07 mm): Vertical Wire, length 1.27 mm
[endpoint_off_grid]: Symbol pin or wire end off connection grid
    ; warning
    @(248.285 mm, 134.62 mm): Symbol #PWR0256 Pin 1 [Power input, Line]
[endpoint_off_grid]: Symbol pin or wire end off connection grid
    ; warning
    @(249.555 mm, 94.615 mm): Vertical Wire, length 1.905 mm
[endpoint_off_grid]: Symbol pin or wire end off connection grid
    ; warning
    @(249.555 mm, 94.615 mm): Symbol #PWR0259 Pin 1 [Power input, Line]
[endpoint_off_grid]: Symbol pin or wire end off connection grid
    ; warning
    @(252.73 mm, 96.52 mm): Horizontal Wire, length 3.175 mm
[endpoint_off_grid]: Symbol pin or wire end off connection grid
    ; warning
    @(250.825 mm, 50.80 mm): Vertical Wire, length 6.35 mm
[endpoint_off_grid]: Symbol pin or wire end off connection grid
    ; warning
    @(246.38 mm, 57.15 mm): Horizontal Wire, length 4.445 mm
[endpoint_off_grid]: Symbol pin or wire end off connection grid
    ; warning
    @(250.825 mm, 58.42 mm): Vertical Wire, length 1.27 mm
[endpoint_off_grid]: Symbol pin or wire end off connection grid
    ; warning
    @(250.825 mm, 58.42 mm): Symbol #PWR0217 Pin 1 [Power input, Line]
[endpoint_off_grid]: Symbol pin or wire end off connection grid
    ; warning
    @(253.365 mm, 41.275 mm): Horizontal Wire, length 1.27 mm
[endpoint_off_grid]: Symbol pin or wire end off connection grid
    ; warning
    @(246.38 mm, 41.91 mm): Horizontal Wire, length 6.985 mm
[endpoint_off_grid]: Symbol pin or wire end off connection grid
    ; warning
    @(253.365 mm, 41.91 mm): Vertical Wire, length 0.635 mm
[endpoint_off_grid]: Symbol pin or wire end off connection grid
    ; warning
    @(246.38 mm, 44.45 mm): Horizontal Wire, length 6.985 mm
[endpoint_off_grid]: Symbol pin or wire end off connection grid
    ; warning
    @(253.365 mm, 45.085 mm): Vertical Wire, length 0.635 mm
[endpoint_off_grid]: Symbol pin or wire end off connection grid
    ; warning
    @(254.635 mm, 45.085 mm): Horizontal Wire, length 1.27 mm
[endpoint_off_grid]: Symbol pin or wire end off connection grid
    ; warning
    @(257.81 mm, 144.145 mm): Horizontal Wire, length 10.795 mm
[endpoint_off_grid]: Symbol pin or wire end off connection grid
    ; warning
    @(257.81 mm, 144.145 mm): Horizontal Wire, length 10.795 mm
[endpoint_off_grid]: Symbol pin or wire end off connection grid
    ; warning
    @(257.81 mm, 145.415 mm): Vertical Wire, length 1.27 mm
[endpoint_off_grid]: Symbol pin or wire end off connection grid
    ; warning
    @(257.81 mm, 153.035 mm): Symbol C57 Pin 2 [Passive, Line]
[endpoint_off_grid]: Symbol pin or wire end off connection grid
    ; warning
    @(257.81 mm, 153.035 mm): Vertical Wire, length 1.27 mm
[endpoint_off_grid]: Symbol pin or wire end off connection grid
    ; warning
    @(257.81 mm, 154.305 mm): Horizontal Wire, length 10.795 mm
[endpoint_off_grid]: Symbol pin or wire end off connection grid
    ; warning
    @(262.255 mm, 41.275 mm): Symbol R113 Pin 2 [Passive, Line]
[endpoint_off_grid]: Symbol pin or wire end off connection grid
    ; warning
    @(262.255 mm, 41.275 mm): Horizontal Wire, length 9.525 mm
[endpoint_off_grid]: Symbol pin or wire end off connection grid
    ; warning
    @(262.255 mm, 45.085 mm): Horizontal Wire, length 9.525 mm
[endpoint_off_grid]: Symbol pin or wire end off connection grid
    ; warning
    @(262.255 mm, 45.085 mm): Symbol R114 Pin 2 [Passive, Line]
[endpoint_off_grid]: Symbol pin or wire end off connection grid
    ; warning
    @(260.35 mm, 96.52 mm): Horizontal Wire, length 3.175 mm
[endpoint_off_grid]: Symbol pin or wire end off connection grid
    ; warning
    @(263.525 mm, 96.52 mm): Horizontal Wire, length 10.16 mm
[endpoint_off_grid]: Symbol pin or wire end off connection grid
    ; warning
    @(263.525 mm, 104.14 mm): Symbol C58 Pin 2 [Passive, Line]
[endpoint_off_grid]: Symbol pin or wire end off connection grid
    ; warning
    @(263.525 mm, 105.41 mm): Symbol #PWR0260 Pin 1 [Power input, Line]
[endpoint_off_grid]: Symbol pin or wire end off connection grid
    ; warning
    @(263.525 mm, 105.41 mm): Vertical Wire, length 1.27 mm
[endpoint_off_grid]: Symbol pin or wire end off connection grid
    ; warning
    @(266.065 mm, 59.69 mm): Horizontal Wire, length 1.27 mm
[endpoint_off_grid]: Symbol pin or wire end off connection grid
    ; warning
    @(266.065 mm, 59.69 mm): Symbol #PWR0284 Pin 1 [Power input, Line]
[endpoint_off_grid]: Symbol pin or wire end off connection grid
    ; warning
    @(267.335 mm, 59.69 mm): Vertical Wire, length 2.54 mm
[endpoint_off_grid]: Symbol pin or wire end off connection grid
    ; warning
    @(267.335 mm, 69.85 mm): Symbol C64 Pin 2 [Passive, Line]
[endpoint_off_grid]: Symbol pin or wire end off connection grid
    ; warning
    @(267.335 mm, 71.12 mm): Symbol #PWR0216 Pin 1 [Power input, Line]
[endpoint_off_grid]: Symbol pin or wire end off connection grid
    ; warning
    @(267.335 mm, 71.12 mm): Vertical Wire, length 1.27 mm
[endpoint_off_grid]: Symbol pin or wire end off connection grid
    ; warning
    @(268.605 mm, 144.145 mm): Vertical Wire, length 1.27 mm
[endpoint_off_grid]: Symbol pin or wire end off connection grid
    ; warning
    @(268.605 mm, 153.035 mm): Symbol C59 Pin 2 [Passive, Line]
[endpoint_off_grid]: Symbol pin or wire end off connection grid
    ; warning
    @(268.605 mm, 154.305 mm): Vertical Wire, length 1.27 mm
[endpoint_off_grid]: Symbol pin or wire end off connection grid
    ; warning
    @(29.845 mm, 140.335 mm): Horizontal Wire, length 11.43 mm
[endpoint_off_grid]: Symbol pin or wire end off connection grid
    ; warning
    @(29.845 mm, 186.69 mm): Horizontal Wire, length 12.70 mm
[endpoint_off_grid]: Symbol pin or wire end off connection grid
    ; warning
    @(33.02 mm, 200.025 mm): Symbol #PWR067 Pin 1 [Power input, Line]
[endpoint_off_grid]: Symbol pin or wire end off connection grid
    ; warning
    @(33.02 mm, 200.025 mm): Vertical Wire, length 1.27 mm
[endpoint_off_grid]: Symbol pin or wire end off connection grid
    ; warning
    @(33.02 mm, 201.295 mm): Symbol R44 Pin 2 [Passive, Line]
[endpoint_off_grid]: Symbol pin or wire end off connection grid
    ; warning
    @(33.02 mm, 210.185 mm): Horizontal Wire, length 8.89 mm
[endpoint_off_grid]: Symbol pin or wire end off connection grid
    ; warning
    @(33.02 mm, 210.185 mm): Vertical Wire, length 1.27 mm
[endpoint_off_grid]: Symbol pin or wire end off connection grid
    ; warning
    @(41.275 mm, 128.27 mm): Vertical Wire, length 1.905 mm
[endpoint_off_grid]: Symbol pin or wire end off connection grid
    ; warning
    @(41.275 mm, 128.27 mm): Symbol #PWR069 Pin 1 [Power input, Line]
[endpoint_off_grid]: Symbol pin or wire end off connection grid
    ; warning
    @(41.275 mm, 137.795 mm): Vertical Wire, length 2.54 mm
[endpoint_off_grid]: Symbol pin or wire end off connection grid
    ; warning
    @(41.275 mm, 137.795 mm): Symbol R45 Pin 2 [Passive, Line]
[endpoint_off_grid]: Symbol pin or wire end off connection grid
    ; warning
    @(41.275 mm, 140.335 mm): Horizontal Wire, length 3.81 mm
[endpoint_off_grid]: Symbol pin or wire end off connection grid
    ; warning
    @(41.275 mm, 143.51 mm): Vertical Wire, length 3.175 mm
[endpoint_off_grid]: Symbol pin or wire end off connection grid
    ; warning
    @(41.275 mm, 143.51 mm): Symbol C11 Pin 2 [Passive, Line]
[endpoint_off_grid]: Symbol pin or wire end off connection grid
    ; warning
    @(41.275 mm, 151.13 mm): Vertical Wire, length 2.54 mm
[endpoint_off_grid]: Symbol pin or wire end off connection grid
    ; warning
    @(41.275 mm, 153.67 mm): Symbol #PWR070 Pin 1 [Power input, Line]
[endpoint_off_grid]: Symbol pin or wire end off connection grid
    ; warning
    @(36.83 mm, 189.23 mm): Horizontal Wire, length 5.715 mm
[endpoint_off_grid]: Symbol pin or wire end off connection grid
    ; warning
    @(36.83 mm, 191.77 mm): Horizontal Wire, length 5.715 mm
[endpoint_off_grid]: Symbol pin or wire end off connection grid
    ; warning
    @(40.64 mm, 243.84 mm): Horizontal Wire, length 3.175 mm
[endpoint_off_grid]: Symbol pin or wire end off connection grid
    ; warning
    @(45.085 mm, 140.335 mm): Horizontal Wire, length 3.81 mm
[endpoint_off_grid]: Symbol pin or wire end off connection grid
    ; warning
    @(45.085 mm, 152.40 mm): Vertical Wire, length 12.065 mm
[endpoint_off_grid]: Symbol pin or wire end off connection grid
    ; warning
    @(48.895 mm, 140.335 mm): Vertical Wire, length 1.905 mm
[endpoint_off_grid]: Symbol pin or wire end off connection grid
    ; warning
    @(48.895 mm, 152.40 mm): Horizontal Wire, length 3.81 mm
[endpoint_off_grid]: Symbol pin or wire end off connection grid
    ; warning
    @(51.435 mm, 243.84 mm): Horizontal Wire, length 12.065 mm
[endpoint_off_grid]: Symbol pin or wire end off connection grid
    ; warning
    @(51.435 mm, 243.84 mm): Symbol R46 Pin 2 [Passive, Line]
[endpoint_off_grid]: Symbol pin or wire end off connection grid
    ; warning
    @(53.975 mm, 140.97 mm): Symbol #PWR071 Pin 1 [Power input, Line]
[endpoint_off_grid]: Symbol pin or wire end off connection grid
    ; warning
    @(53.975 mm, 140.97 mm): Vertical Wire, length 1.27 mm
[endpoint_off_grid]: Symbol pin or wire end off connection grid
    ; warning
    @(53.975 mm, 152.40 mm): Symbol SW1 Pin 3 [3, Unspecified, Line]
[endpoint_off_grid]: Symbol pin or wire end off connection grid
    ; warning
    @(53.975 mm, 153.67 mm): Symbol #PWR072 Pin 1 [Power input, Line]
[endpoint_off_grid]: Symbol pin or wire end off connection grid
    ; warning
    @(53.975 mm, 153.67 mm): Vertical Wire, length 1.27 mm
[endpoint_off_grid]: Symbol pin or wire end off connection grid
    ; warning
    @(59.055 mm, 238.76 mm): Symbol #PWR074 Pin 1 [Power input, Line]
[endpoint_off_grid]: Symbol pin or wire end off connection grid
    ; warning
    @(59.055 mm, 238.76 mm): Horizontal Wire, length 4.445 mm
[endpoint_off_grid]: Symbol pin or wire end off connection grid
    ; warning
    @(59.055 mm, 241.30 mm): Symbol #PWR075 Pin 1 [Power input, Line]
[endpoint_off_grid]: Symbol pin or wire end off connection grid
    ; warning
    @(59.055 mm, 241.30 mm): Horizontal Wire, length 4.445 mm
[endpoint_off_grid]: Symbol pin or wire end off connection grid
    ; warning
    @(73.025 mm, 184.15 mm): Horizontal Wire, length 3.81 mm
[endpoint_off_grid]: Symbol pin or wire end off connection grid
    ; warning
    @(91.44 mm, 186.69 mm): Horizontal Wire, length 18.415 mm
[endpoint_off_grid]: Symbol pin or wire end off connection grid
    ; warning
    @(73.025 mm, 186.69 mm): Symbol U9 Pin 7 [VDD, Unspecified, Line]
[endpoint_off_grid]: Symbol pin or wire end off connection grid
    ; warning
    @(73.025 mm, 189.23 mm): Horizontal Wire, length 7.62 mm
[endpoint_off_grid]: Symbol pin or wire end off connection grid
    ; warning
    @(73.025 mm, 191.77 mm): Horizontal Wire, length 1.905 mm
[endpoint_off_grid]: Symbol pin or wire end off connection grid
    ; warning
    @(76.835 mm, 184.15 mm): Vertical Wire, length 7.62 mm
[endpoint_off_grid]: Symbol pin or wire end off connection grid
    ; warning
    @(76.835 mm, 191.77 mm): Horizontal Wire, length 1.905 mm
[endpoint_off_grid]: Symbol pin or wire end off connection grid
    ; warning
    @(80.645 mm, 184.785 mm): Vertical Wire, length 4.445 mm
[endpoint_off_grid]: Symbol pin or wire end off connection grid
    ; warning
    @(80.645 mm, 184.785 mm): Symbol #PWR079 Pin 1 [Power input, Line]
[endpoint_off_grid]: Symbol pin or wire end off connection grid
    ; warning
    @(80.645 mm, 189.23 mm): Vertical Wire, length 1.905 mm
[endpoint_off_grid]: Symbol pin or wire end off connection grid
    ; warning
    @(80.645 mm, 191.135 mm): Symbol C12 Pin 2 [Passive, Line]
[endpoint_off_grid]: Symbol pin or wire end off connection grid
    ; warning
    @(80.645 mm, 198.755 mm): Vertical Wire, length 2.54 mm
[endpoint_off_grid]: Symbol pin or wire end off connection grid
    ; warning
    @(80.645 mm, 201.295 mm): Symbol #PWR080 Pin 1 [Power input, Line]
[endpoint_off_grid]: Symbol pin or wire end off connection grid
    ; warning
    @(84.455 mm, 54.61 mm): Horizontal Wire, length 10.795 mm
[endpoint_off_grid]: Symbol pin or wire end off connection grid
    ; warning
    @(84.455 mm, 57.15 mm): Horizontal Wire, length 10.795 mm
[endpoint_off_grid]: Symbol pin or wire end off connection grid
    ; warning
    @(84.455 mm, 59.69 mm): Horizontal Wire, length 10.795 mm
[endpoint_off_grid]: Symbol pin or wire end off connection grid
    ; warning
    @(84.455 mm, 62.23 mm): Horizontal Wire, length 10.795 mm
[endpoint_off_grid]: Symbol pin or wire end off connection grid
    ; warning
    @(84.455 mm, 64.77 mm): Horizontal Wire, length 10.795 mm
[endpoint_off_grid]: Symbol pin or wire end off connection grid
    ; warning
    @(84.455 mm, 67.31 mm): Horizontal Wire, length 10.795 mm
[endpoint_off_grid]: Symbol pin or wire end off connection grid
    ; warning
    @(84.455 mm, 69.85 mm): Horizontal Wire, length 10.795 mm
[endpoint_off_grid]: Symbol pin or wire end off connection grid
    ; warning
    @(84.455 mm, 72.39 mm): Horizontal Wire, length 10.795 mm
[endpoint_off_grid]: Symbol pin or wire end off connection grid
    ; warning
    @(84.455 mm, 74.93 mm): Horizontal Wire, length 10.795 mm
[endpoint_off_grid]: Symbol pin or wire end off connection grid
    ; warning
    @(84.455 mm, 77.47 mm): Horizontal Wire, length 10.795 mm
[endpoint_off_grid]: Symbol pin or wire end off connection grid
    ; warning
    @(89.535 mm, 256.54 mm): Horizontal Wire, length 3.175 mm
[endpoint_off_grid]: Symbol pin or wire end off connection grid
    ; warning
    @(89.535 mm, 260.35 mm): Vertical Wire, length 3.81 mm
[endpoint_off_grid]: Symbol pin or wire end off connection grid
    ; warning
    @(89.535 mm, 260.35 mm): Symbol #PWR081 Pin 1 [Power input, Line]
[endpoint_off_grid]: Symbol pin or wire end off connection grid
    ; warning
    @(90.805 mm, 238.76 mm): Symbol #PWR082 Pin 1 [Power input, Line]
[endpoint_off_grid]: Symbol pin or wire end off connection grid
    ; warning
    @(90.805 mm, 238.76 mm): Horizontal Wire, length 4.445 mm
[endpoint_off_grid]: Symbol pin or wire end off connection grid
    ; warning
    @(90.805 mm, 241.30 mm): Horizontal Wire, length 4.445 mm
[endpoint_off_grid]: Symbol pin or wire end off connection grid
    ; warning
    @(90.805 mm, 241.30 mm): Symbol #PWR083 Pin 1 [Power input, Line]
[endpoint_off_grid]: Symbol pin or wire end off connection grid
    ; warning
    @(91.44 mm, 184.785 mm): Symbol #PWR084 Pin 1 [Power input, Line]
[endpoint_off_grid]: Symbol pin or wire end off connection grid
    ; warning
    @(91.44 mm, 184.785 mm): Vertical Wire, length 1.905 mm
[endpoint_off_grid]: Symbol pin or wire end off connection grid
    ; warning
    @(91.44 mm, 188.595 mm): Symbol C13 Pin 2 [Passive, Line]
[endpoint_off_grid]: Symbol pin or wire end off connection grid
    ; warning
    @(91.44 mm, 188.595 mm): Vertical Wire, length 1.905 mm
[endpoint_off_grid]: Symbol pin or wire end off connection grid
    ; warning
    @(91.44 mm, 197.485 mm): Symbol #PWR085 Pin 1 [Power input, Line]
[endpoint_off_grid]: Symbol pin or wire end off connection grid
    ; warning
    @(91.44 mm, 197.485 mm): Vertical Wire, length 1.27 mm
[endpoint_off_grid]: Symbol pin or wire end off connection grid
    ; warning
    @(93.345 mm, 251.46 mm): Horizontal Wire, length 6.985 mm
[endpoint_off_grid]: Symbol pin or wire end off connection grid
    ; warning
    @(99.695 mm, 246.38 mm): Horizontal Wire, length 13.335 mm
[endpoint_off_grid]: Symbol pin or wire end off connection grid
    ; warning
    @(99.695 mm, 248.92 mm): Horizontal Wire, length 13.335 mm
[endpoint_off_grid]: Symbol pin or wire end off connection grid
    ; warning
    @(100.965 mm, 251.46 mm): Symbol R47 Pin 2 [Passive, Line]
[endpoint_off_grid]: Symbol pin or wire end off connection grid
    ; warning
    @(103.505 mm, 251.46 mm): Horizontal Wire, length 2.54 mm
[endpoint_off_grid]: Symbol pin or wire end off connection grid
    ; warning
    @(103.505 mm, 254.00 mm): Symbol #PWR087 Pin 1 [Power input, Line]
[endpoint_off_grid]: Symbol pin or wire end off connection grid
    ; warning
    @(103.505 mm, 254.00 mm): Vertical Wire, length 2.54 mm
[endpoint_off_grid]: Symbol pin or wire end off connection grid
    ; warning
    @(111.76 mm, 239.395 mm): Vertical Wire, length 1.905 mm
[endpoint_off_grid]: Symbol pin or wire end off connection grid
    ; warning
    @(111.76 mm, 239.395 mm): Symbol #PWR090 Pin 1 [Power input, Line]
[endpoint_off_grid]: Symbol pin or wire end off connection grid
    ; warning
    @(114.30 mm, 203.835 mm): Symbol #PWR092 Pin 1 [Power input, Line]
[endpoint_off_grid]: Symbol pin or wire end off connection grid
    ; warning
    @(114.30 mm, 203.835 mm): Vertical Wire, length 1.905 mm
[endpoint_off_grid]: Symbol pin or wire end off connection grid
    ; warning
    @(131.445 mm, 64.77 mm): Symbol TP11 Pin 1 [1, Passive, Line]
[endpoint_off_grid]: Symbol pin or wire end off connection grid
    ; warning
    @(131.445 mm, 64.77 mm): Horizontal Wire, length 5.715 mm
[endpoint_off_grid]: Symbol pin or wire end off connection grid
    ; warning
    @(131.445 mm, 82.55 mm): Horizontal Wire, length 5.715 mm
[endpoint_off_grid]: Symbol pin or wire end off connection grid
    ; warning
    @(131.445 mm, 82.55 mm): Symbol TP12 Pin 1 [1, Passive, Line]
[endpoint_off_grid]: Symbol pin or wire end off connection grid
    ; warning
    @(131.445 mm, 85.09 mm): Symbol TP13 Pin 1 [1, Passive, Line]
[endpoint_off_grid]: Symbol pin or wire end off connection grid
    ; warning
    @(131.445 mm, 85.09 mm): Horizontal Wire, length 5.715 mm
[endpoint_off_grid]: Symbol pin or wire end off connection grid
    ; warning
    @(131.445 mm, 87.63 mm): Symbol TP14 Pin 1 [1, Passive, Line]
[endpoint_off_grid]: Symbol pin or wire end off connection grid
    ; warning
    @(131.445 mm, 87.63 mm): Horizontal Wire, length 5.715 mm
[endpoint_off_grid]: Symbol pin or wire end off connection grid
    ; warning
    @(131.445 mm, 92.71 mm): Symbol TP15 Pin 1 [1, Passive, Line]
[endpoint_off_grid]: Symbol pin or wire end off connection grid
    ; warning
    @(131.445 mm, 92.71 mm): Horizontal Wire, length 5.715 mm
[endpoint_off_grid]: Symbol pin or wire end off connection grid
    ; warning
    @(131.445 mm, 95.25 mm): Symbol TP16 Pin 1 [1, Passive, Line]
[endpoint_off_grid]: Symbol pin or wire end off connection grid
    ; warning
    @(131.445 mm, 95.25 mm): Horizontal Wire, length 5.715 mm
[endpoint_off_grid]: Symbol pin or wire end off connection grid
    ; warning
    @(125.73 mm, 49.53 mm): Horizontal Wire, length 13.081 mm
[endpoint_off_grid]: Symbol pin or wire end off connection grid
    ; warning
    @(125.73 mm, 52.07 mm): Horizontal Wire, length 13.335 mm
[endpoint_off_grid]: Symbol pin or wire end off connection grid
    ; warning
    @(139.065 mm, 57.15 mm): Horizontal Wire, length 13.335 mm
[endpoint_off_grid]: Symbol pin or wire end off connection grid
    ; warning
    @(139.065 mm, 59.69 mm): Horizontal Wire, length 13.335 mm
[endpoint_off_grid]: Symbol pin or wire end off connection grid
    ; warning
    @(141.605 mm, 270.51 mm): Symbol #PWR094 Pin 1 [Power input, Line]
[endpoint_off_grid]: Symbol pin or wire end off connection grid
    ; warning
    @(141.605 mm, 270.51 mm): Horizontal Wire, length 5.715 mm
[endpoint_off_grid]: Symbol pin or wire end off connection grid
    ; warning
    @(141.605 mm, 273.05 mm): Horizontal Wire, length 5.715 mm
[endpoint_off_grid]: Symbol pin or wire end off connection grid
    ; warning
    @(147.955 mm, 140.335 mm): Horizontal Wire, length 11.43 mm
[endpoint_off_grid]: Symbol pin or wire end off connection grid
    ; warning
    @(158.115 mm, 72.39 mm): Horizontal Bus, length 13.97 mm
[endpoint_off_grid]: Symbol pin or wire end off connection grid
    ; warning
    @(159.385 mm, 128.27 mm): Symbol #PWR095 Pin 1 [Power input, Line]
[endpoint_off_grid]: Symbol pin or wire end off connection grid
    ; warning
    @(159.385 mm, 128.27 mm): Vertical Wire, length 1.905 mm
[endpoint_off_grid]: Symbol pin or wire end off connection grid
    ; warning
    @(159.385 mm, 137.795 mm): Vertical Wire, length 2.54 mm
[endpoint_off_grid]: Symbol pin or wire end off connection grid
    ; warning
    @(159.385 mm, 137.795 mm): Symbol R48 Pin 2 [Passive, Line]
[endpoint_off_grid]: Symbol pin or wire end off connection grid
    ; warning
    @(159.385 mm, 140.335 mm): Horizontal Wire, length 4.445 mm
[endpoint_off_grid]: Symbol pin or wire end off connection grid
    ; warning
    @(159.385 mm, 143.51 mm): Symbol C14 Pin 2 [Passive, Line]
[endpoint_off_grid]: Symbol pin or wire end off connection grid
    ; warning
    @(159.385 mm, 143.51 mm): Vertical Wire, length 3.175 mm
[endpoint_off_grid]: Symbol pin or wire end off connection grid
    ; warning
    @(159.385 mm, 151.13 mm): Vertical Wire, length 2.54 mm
[endpoint_off_grid]: Symbol pin or wire end off connection grid
    ; warning
    @(159.385 mm, 153.67 mm): Symbol #PWR096 Pin 1 [Power input, Line]
[endpoint_off_grid]: Symbol pin or wire end off connection grid
    ; warning
    @(163.195 mm, 38.10 mm): Symbol #PWR097 Pin 1 [Power input, Line]
[endpoint_off_grid]: Symbol pin or wire end off connection grid
    ; warning
    @(163.195 mm, 38.10 mm): Horizontal Wire, length 1.905 mm
[endpoint_off_grid]: Symbol pin or wire end off connection grid
    ; warning
    @(163.195 mm, 46.355 mm): Symbol #PWR098 Pin 1 [Power input, Line]
[endpoint_off_grid]: Symbol pin or wire end off connection grid
    ; warning
    @(163.195 mm, 46.355 mm): Horizontal Wire, length 1.905 mm
[endpoint_off_grid]: Symbol pin or wire end off connection grid
    ; warning
    @(163.83 mm, 152.40 mm): Vertical Wire, length 12.065 mm
[endpoint_off_grid]: Symbol pin or wire end off connection grid
    ; warning
    @(163.83 mm, 140.335 mm): Horizontal Wire, length 3.81 mm
[endpoint_off_grid]: Symbol pin or wire end off connection grid
    ; warning
    @(165.10 mm, 46.355 mm): Symbol D4 Pin 1 [K, Passive, Line]
[endpoint_off_grid]: Symbol pin or wire end off connection grid
    ; warning
    @(167.64 mm, 140.335 mm): Vertical Wire, length 1.905 mm
[endpoint_off_grid]: Symbol pin or wire end off connection grid
    ; warning
    @(172.72 mm, 46.355 mm): Horizontal Wire, length 1.27 mm
[endpoint_off_grid]: Symbol pin or wire end off connection grid
    ; warning
    @(172.72 mm, 140.335 mm): Vertical Wire, length 1.905 mm
[endpoint_off_grid]: Symbol pin or wire end off connection grid
    ; warning
    @(173.99 mm, 140.335 mm): Symbol #PWR0101 Pin 1 [Power input, Line]
[endpoint_off_grid]: Symbol pin or wire end off connection grid
    ; warning
    @(173.99 mm, 140.335 mm): Horizontal Wire, length 1.27 mm
[endpoint_off_grid]: Symbol pin or wire end off connection grid
    ; warning
    @(181.61 mm, 46.355 mm): Symbol R50 Pin 2 [Passive, Line]
[endpoint_off_grid]: Symbol pin or wire end off connection grid
    ; warning
    @(182.245 mm, 254.635 mm): Symbol #PWR0102 Pin 1 [Power input, Line]
[endpoint_off_grid]: Symbol pin or wire end off connection grid
    ; warning
    @(182.245 mm, 255.905 mm): Vertical Wire, length 1.27 mm
[endpoint_off_grid]: Symbol pin or wire end off connection grid
    ; warning
    @(182.245 mm, 263.525 mm): Symbol C15 Pin 2 [Passive, Line]
[endpoint_off_grid]: Symbol pin or wire end off connection grid
    ; warning
    @(182.245 mm, 265.43 mm): Symbol #PWR0103 Pin 1 [Power input, Line]
[endpoint_off_grid]: Symbol pin or wire end off connection grid
    ; warning
    @(182.245 mm, 265.43 mm): Vertical Wire, length 1.905 mm
[endpoint_off_grid]: Symbol pin or wire end off connection grid
    ; warning
    @(189.23 mm, 46.355 mm): Horizontal Wire, length 7.62 mm
[endpoint_off_grid]: Symbol pin or wire end off connection grid
    ; warning
    @(207.01 mm, 208.915 mm): Horizontal Wire, length 13.335 mm
[endpoint_off_grid]: Symbol pin or wire end off connection grid
    ; warning
    @(207.01 mm, 210.185 mm): Symbol R51 Pin 2 [Passive, Line]
[endpoint_off_grid]: Symbol pin or wire end off connection grid
    ; warning
    @(207.01 mm, 210.185 mm): Vertical Wire, length 1.27 mm
[endpoint_off_grid]: Symbol pin or wire end off connection grid
    ; warning
    @(207.01 mm, 220.345 mm): Vertical Wire, length 2.54 mm
[endpoint_off_grid]: Symbol pin or wire end off connection grid
    ; warning
    @(207.01 mm, 220.345 mm): Horizontal Wire, length 1.27 mm
[endpoint_off_grid]: Symbol pin or wire end off connection grid
    ; warning
    @(207.01 mm, 245.745 mm): Symbol #PWR0104 Pin 1 [Power input, Line]
[endpoint_off_grid]: Symbol pin or wire end off connection grid
    ; warning
    @(207.01 mm, 247.015 mm): Vertical Wire, length 1.27 mm
[endpoint_off_grid]: Symbol pin or wire end off connection grid
    ; warning
    @(207.01 mm, 247.015 mm): Symbol R52 Pin 2 [Passive, Line]
[endpoint_off_grid]: Symbol pin or wire end off connection grid
    ; warning
    @(207.01 mm, 255.905 mm): Vertical Wire, length 1.27 mm
[endpoint_off_grid]: Symbol pin or wire end off connection grid
    ; warning
    @(207.01 mm, 263.525 mm): Symbol D5 Pin 1 [K, Passive, Line]
[endpoint_off_grid]: Symbol pin or wire end off connection grid
    ; warning
    @(207.01 mm, 268.605 mm): Vertical Wire, length 5.08 mm
[endpoint_off_grid]: Symbol pin or wire end off connection grid
    ; warning
    @(213.995 mm, 268.605 mm): Horizontal Wire, length 6.985 mm
[endpoint_off_grid]: Symbol pin or wire end off connection grid
    ; warning
    @(220.345 mm, 208.915 mm): Horizontal Wire, length 12.70 mm
[endpoint_off_grid]: Symbol pin or wire end off connection grid
    ; warning
    @(220.345 mm, 208.915 mm): Vertical Wire, length 1.27 mm
[endpoint_off_grid]: Symbol pin or wire end off connection grid
    ; warning
    @(220.345 mm, 210.185 mm): Symbol R53 Pin 2 [Passive, Line]
[endpoint_off_grid]: Symbol pin or wire end off connection grid
    ; warning
    @(220.345 mm, 220.345 mm): Vertical Wire, length 2.54 mm
[endpoint_off_grid]: Symbol pin or wire end off connection grid
    ; warning
    @(221.615 mm, 220.345 mm): Horizontal Wire, length 1.27 mm
[endpoint_off_grid]: Symbol pin or wire end off connection grid
    ; warning
    @(233.045 mm, 207.645 mm): Vertical Wire, length 1.27 mm
[endpoint_off_grid]: Symbol pin or wire end off connection grid
    ; warning
    @(233.045 mm, 207.645 mm): Symbol #PWR0105 Pin 1 [Power input, Line]
[endpoint_off_grid]: Symbol pin or wire end off connection grid
    ; warning
    @(233.045 mm, 208.915 mm): Vertical Wire, length 1.905 mm
[endpoint_off_grid]: Symbol pin or wire end off connection grid
    ; warning
    @(233.045 mm, 208.915 mm): Horizontal Wire, length 12.065 mm
[endpoint_off_grid]: Symbol pin or wire end off connection grid
    ; warning
    @(233.045 mm, 210.82 mm): Symbol R54 Pin 2 [Passive, Line]
[endpoint_off_grid]: Symbol pin or wire end off connection grid
    ; warning
    @(233.045 mm, 220.98 mm): Vertical Wire, length 2.54 mm
[endpoint_off_grid]: Symbol pin or wire end off connection grid
    ; warning
    @(240.03 mm, 220.98 mm): Horizontal Wire, length 6.985 mm
[endpoint_off_grid]: Symbol pin or wire end off connection grid
    ; warning
    @(233.299 mm, 80.264 mm): Symbol #PWR0106 Pin 1 [Power input, Line]
[endpoint_off_grid]: Symbol pin or wire end off connection grid
    ; warning
    @(233.299 mm, 80.264 mm): Horizontal Wire, length 3.175 mm
[endpoint_off_grid]: Symbol pin or wire end off connection grid
    ; warning
    @(244.094 mm, 80.264 mm): Symbol R55 Pin 2 [Passive, Line]
[endpoint_off_grid]: Symbol pin or wire end off connection grid
    ; warning
    @(245.11 mm, 208.915 mm): Vertical Wire, length 1.905 mm
[endpoint_off_grid]: Symbol pin or wire end off connection grid
    ; warning
    @(245.11 mm, 208.915 mm): Horizontal Wire, length 12.70 mm
[endpoint_off_grid]: Symbol pin or wire end off connection grid
    ; warning
    @(247.269 mm, 80.264 mm): Horizontal Wire, length 3.175 mm
[endpoint_off_grid]: Symbol pin or wire end off connection grid
    ; warning
    @(247.269 mm, 83.439 mm): Symbol R57 Pin 2 [Passive, Line]
[endpoint_off_grid]: Symbol pin or wire end off connection grid
    ; warning
    @(247.269 mm, 83.439 mm): Vertical Wire, length 3.175 mm
[endpoint_off_grid]: Symbol pin or wire end off connection grid
    ; warning
    @(247.269 mm, 92.964 mm): Vertical Wire, length 1.905 mm
[endpoint_off_grid]: Symbol pin or wire end off connection grid
    ; warning
    @(247.269 mm, 92.964 mm): Horizontal Wire, length 5.08 mm
[endpoint_off_grid]: Symbol pin or wire end off connection grid
    ; warning
    @(248.158 mm, 241.30 mm): Horizontal Wire, length 9.017 mm
[endpoint_off_grid]: Symbol pin or wire end off connection grid
    ; warning
    @(248.285 mm, 243.84 mm): Horizontal Wire, length 8.89 mm
[endpoint_off_grid]: Symbol pin or wire end off connection grid
    ; warning
    @(248.285 mm, 259.08 mm): Horizontal Wire, length 8.89 mm
[endpoint_off_grid]: Symbol pin or wire end off connection grid
    ; warning
    @(248.285 mm, 261.62 mm): Horizontal Wire, length 8.89 mm
[endpoint_off_grid]: Symbol pin or wire end off connection grid
    ; warning
    @(251.46 mm, 61.214 mm): Vertical Wire, length 1.651 mm
[endpoint_off_grid]: Symbol pin or wire end off connection grid
    ; warning
    @(251.46 mm, 59.69 mm): Vertical Wire, length 1.524 mm
[endpoint_off_grid]: Symbol pin or wire end off connection grid
    ; warning
    @(251.46 mm, 61.214 mm): Horizontal Wire, length 25.654 mm
[endpoint_off_grid]: Symbol pin or wire end off connection grid
    ; warning
    @(251.46 mm, 62.865 mm): Symbol C16 Pin 2 [Passive, Line]
[endpoint_off_grid]: Symbol pin or wire end off connection grid
    ; warning
    @(251.46 mm, 73.025 mm): Vertical Wire, length 2.54 mm
[endpoint_off_grid]: Symbol pin or wire end off connection grid
    ; warning
    @(251.46 mm, 73.025 mm): Symbol #PWR0110 Pin 1 [Power input, Line]
[endpoint_off_grid]: Symbol pin or wire end off connection grid
    ; warning
    @(252.349 mm, 92.964 mm): Horizontal Wire, length 5.08 mm
[endpoint_off_grid]: Symbol pin or wire end off connection grid
    ; warning
    @(252.349 mm, 92.964 mm): Vertical Wire, length 2.54 mm
[endpoint_off_grid]: Symbol pin or wire end off connection grid
    ; warning
    @(252.349 mm, 95.504 mm): Symbol #PWR0111 Pin 1 [Power input, Line]
[endpoint_off_grid]: Symbol pin or wire end off connection grid
    ; warning
    @(248.92 mm, 246.38 mm): Horizontal Wire, length 8.255 mm
[endpoint_off_grid]: Symbol pin or wire end off connection grid
    ; warning
    @(257.175 mm, 246.38 mm): Symbol Card1 Pin 3 [CMD, Unspecified, Line]
[endpoint_off_grid]: Symbol pin or wire end off connection grid
    ; warning
    @(248.92 mm, 248.92 mm): Horizontal Wire, length 8.255 mm
[endpoint_off_grid]: Symbol pin or wire end off connection grid
    ; warning
    @(248.92 mm, 251.46 mm): Horizontal Wire, length 8.255 mm
[endpoint_off_grid]: Symbol pin or wire end off connection grid
    ; warning
    @(248.92 mm, 254.00 mm): Horizontal Wire, length 8.255 mm
[endpoint_off_grid]: Symbol pin or wire end off connection grid
    ; warning
    @(248.92 mm, 256.54 mm): Horizontal Wire, length 8.255 mm
[endpoint_off_grid]: Symbol pin or wire end off connection grid
    ; warning
    @(257.429 mm, 66.294 mm): Vertical Wire, length 13.97 mm
[endpoint_off_grid]: Symbol pin or wire end off connection grid
    ; warning
    @(257.429 mm, 80.264 mm): Horizontal Wire, length 10.16 mm
[endpoint_off_grid]: Symbol pin or wire end off connection grid
    ; warning
    @(257.429 mm, 83.439 mm): Vertical Wire, length 3.175 mm
[endpoint_off_grid]: Symbol pin or wire end off connection grid
    ; warning
    @(257.429 mm, 91.059 mm): Symbol C17 Pin 2 [Passive, Line]
[endpoint_off_grid]: Symbol pin or wire end off connection grid
    ; warning
    @(257.429 mm, 92.964 mm): Vertical Wire, length 1.905 mm
[endpoint_off_grid]: Symbol pin or wire end off connection grid
    ; warning
    @(257.81 mm, 208.915 mm): Vertical Wire, length 1.905 mm
[endpoint_off_grid]: Symbol pin or wire end off connection grid
    ; warning
    @(263.144 mm, 68.834 mm): Horizontal Wire, length 15.24 mm
[endpoint_off_grid]: Symbol pin or wire end off connection grid
    ; warning
    @(263.144 mm, 72.644 mm): Symbol R59 Pin 2 [Passive, Line]
[endpoint_off_grid]: Symbol pin or wire end off connection grid
    ; warning
    @(263.144 mm, 72.644 mm): Vertical Wire, length 3.81 mm
[endpoint_off_grid]: Symbol pin or wire end off connection grid
    ; warning
    @(263.144 mm, 82.169 mm): Vertical Wire, length 1.905 mm
[endpoint_off_grid]: Symbol pin or wire end off connection grid
    ; warning
    @(263.144 mm, 82.169 mm): Symbol #PWR0112 Pin 1 [Power input, Line]
[endpoint_off_grid]: Symbol pin or wire end off connection grid
    ; warning
    @(269.494 mm, 56.134 mm): Horizontal Wire, length 8.89 mm
[endpoint_off_grid]: Symbol pin or wire end off connection grid
    ; warning
    @(269.494 mm, 58.674 mm): Horizontal Wire, length 8.89 mm
[endpoint_off_grid]: Symbol pin or wire end off connection grid
    ; warning
    @(270.129 mm, 53.594 mm): Horizontal Wire, length 8.255 mm
[endpoint_off_grid]: Symbol pin or wire end off connection grid
    ; warning
    @(270.129 mm, 53.594 mm): Symbol #PWR0113 Pin 1 [Power input, Line]
[endpoint_off_grid]: Symbol pin or wire end off connection grid
    ; warning
    @(271.145 mm, 73.914 mm): Vertical Wire, length 1.651 mm
[endpoint_off_grid]: Symbol pin or wire end off connection grid
    ; warning
    @(271.145 mm, 75.565 mm): Symbol R60 Pin 2 [Passive, Line]
[endpoint_off_grid]: Symbol pin or wire end off connection grid
    ; warning
    @(271.145 mm, 85.725 mm): Vertical Wire, length 2.54 mm
[endpoint_off_grid]: Symbol pin or wire end off connection grid
    ; warning
    @(271.145 mm, 85.725 mm): Symbol #PWR0114 Pin 1 [Power input, Line]
[endpoint_off_grid]: Symbol pin or wire end off connection grid
    ; warning
    @(272.415 mm, 233.807 mm): Vertical Wire, length 2.413 mm
[endpoint_off_grid]: Symbol pin or wire end off connection grid
    ; warning
    @(272.415 mm, 233.807 mm): Horizontal Wire, length 2.667 mm
[endpoint_off_grid]: Symbol pin or wire end off connection grid
    ; warning
    @(272.415 mm, 266.70 mm): Vertical Wire, length 2.032 mm
[endpoint_off_grid]: Symbol pin or wire end off connection grid
    ; warning
    @(275.082 mm, 231.902 mm): Vertical Wire, length 1.905 mm
[endpoint_off_grid]: Symbol pin or wire end off connection grid
    ; warning
    @(275.082 mm, 231.902 mm): Symbol #PWR0115 Pin 1 [Power input, Line]
[endpoint_off_grid]: Symbol pin or wire end off connection grid
    ; warning
    @(275.082 mm, 233.807 mm): Horizontal Wire, length 2.413 mm
[endpoint_off_grid]: Symbol pin or wire end off connection grid
    ; warning
    @(275.082 mm, 268.732 mm): Horizontal Wire, length 2.413 mm
[endpoint_off_grid]: Symbol pin or wire end off connection grid
    ; warning
    @(275.082 mm, 268.732 mm): Horizontal Wire, length 2.667 mm
[endpoint_off_grid]: Symbol pin or wire end off connection grid
    ; warning
    @(275.082 mm, 270.637 mm): Vertical Wire, length 1.905 mm
[endpoint_off_grid]: Symbol pin or wire end off connection grid
    ; warning
    @(275.082 mm, 270.637 mm): Symbol #PWR0116 Pin 1 [Power input, Line]
[endpoint_off_grid]: Symbol pin or wire end off connection grid
    ; warning
    @(277.114 mm, 61.214 mm): Vertical Wire, length 2.54 mm
[endpoint_off_grid]: Symbol pin or wire end off connection grid
    ; warning
    @(277.114 mm, 63.754 mm): Horizontal Wire, length 1.27 mm
[endpoint_off_grid]: Symbol pin or wire end off connection grid
    ; warning
    @(277.495 mm, 233.807 mm): Vertical Wire, length 2.413 mm
[endpoint_off_grid]: Symbol pin or wire end off connection grid
    ; warning
    @(277.495 mm, 268.732 mm): Vertical Wire, length 2.032 mm
[endpoint_off_grid]: Symbol pin or wire end off connection grid
    ; warning
    @(278.384 mm, 61.214 mm): Horizontal Wire, length 1.27 mm
[endpoint_off_grid]: Symbol pin or wire end off connection grid
    ; warning
    @(278.384 mm, 66.294 mm): Horizontal Wire, length 20.955 mm
[endpoint_off_grid]: Symbol pin or wire end off connection grid
    ; warning
    @(278.384 mm, 73.914 mm): Horizontal Wire, length 7.239 mm
[endpoint_off_grid]: Symbol pin or wire end off connection grid
    ; warning
    @(284.48 mm, 203.835 mm): Vertical Wire, length 1.27 mm
[endpoint_off_grid]: Symbol pin or wire end off connection grid
    ; warning
    @(284.48 mm, 203.835 mm): Symbol #PWR0117 Pin 1 [Power input, Line]
[endpoint_off_grid]: Symbol pin or wire end off connection grid
    ; warning
    @(284.48 mm, 205.105 mm): Symbol C18 Pin 2 [Passive, Line]
[endpoint_off_grid]: Symbol pin or wire end off connection grid
    ; warning
    @(284.48 mm, 213.995 mm): Vertical Wire, length 1.27 mm
[endpoint_off_grid]: Symbol pin or wire end off connection grid
    ; warning
    @(284.48 mm, 213.995 mm): Symbol #PWR0118 Pin 1 [Power input, Line]
[endpoint_off_grid]: Symbol pin or wire end off connection grid
    ; warning
    @(292.862 mm, 42.164 mm): Symbol #PWR0119 Pin 1 [Power input, Line]
[endpoint_off_grid]: Symbol pin or wire end off connection grid
    ; warning
    @(297.307 mm, 42.164 mm): Horizontal Wire, length 4.445 mm
[endpoint_off_grid]: Symbol pin or wire end off connection grid
    ; warning
    @(297.307 mm, 43.434 mm): Vertical Wire, length 1.27 mm
[endpoint_off_grid]: Symbol pin or wire end off connection grid
    ; warning
    @(297.307 mm, 43.434 mm): Horizontal Wire, length 0.127 mm
[endpoint_off_grid]: Symbol pin or wire end off connection grid
    ; warning
    @(313.055 mm, 135.89 mm): Symbol #PWR0120 Pin 1 [Power input, Line]
[endpoint_off_grid]: Symbol pin or wire end off connection grid
    ; warning
    @(313.055 mm, 135.89 mm): Vertical Wire, length 2.54 mm
[endpoint_off_grid]: Symbol pin or wire end off connection grid
    ; warning
    @(313.055 mm, 138.43 mm): Symbol TP17 Pin 1 [1, Passive, Line]
[endpoint_off_grid]: Symbol pin or wire end off connection grid
    ; warning
    @(316.484 mm, 48.514 mm): Horizontal Wire, length 11.43 mm
[endpoint_off_grid]: Symbol pin or wire end off connection grid
    ; warning
    @(316.484 mm, 51.054 mm): Symbol U13 Pin 27 [DSR, Unspecified, Line]
[endpoint_off_grid]: Symbol pin or wire end off connection grid
    ; warning
    @(316.484 mm, 53.594 mm): Horizontal Wire, length 11.43 mm
[endpoint_off_grid]: Symbol pin or wire end off connection grid
    ; warning
    @(316.484 mm, 56.134 mm): Horizontal Wire, length 11.43 mm
[endpoint_off_grid]: Symbol pin or wire end off connection grid
    ; warning
    @(316.484 mm, 58.674 mm): Horizontal Wire, length 11.43 mm
[endpoint_off_grid]: Symbol pin or wire end off connection grid
    ; warning
    @(321.945 mm, 111.76 mm): Horizontal Wire, length 2.54 mm
[endpoint_off_grid]: Symbol pin or wire end off connection grid
    ; warning
    @(321.945 mm, 114.935 mm): Vertical Wire, length 3.175 mm
[endpoint_off_grid]: Symbol pin or wire end off connection grid
    ; warning
    @(321.945 mm, 114.935 mm): Symbol #PWR0121 Pin 1 [Power input, Line]
[endpoint_off_grid]: Symbol pin or wire end off connection grid
    ; warning
    @(321.945 mm, 135.89 mm): Symbol #PWR0122 Pin 1 [Power input, Line]
[endpoint_off_grid]: Symbol pin or wire end off connection grid
    ; warning
    @(321.945 mm, 135.89 mm): Vertical Wire, length 2.54 mm
[endpoint_off_grid]: Symbol pin or wire end off connection grid
    ; warning
    @(321.945 mm, 138.43 mm): Symbol TP18 Pin 1 [1, Passive, Line]
[endpoint_off_grid]: Symbol pin or wire end off connection grid
    ; warning
    @(332.105 mm, 111.76 mm): Symbol R61 Pin 2 [Passive, Line]
[endpoint_off_grid]: Symbol pin or wire end off connection grid
    ; warning
    @(332.105 mm, 111.76 mm): Horizontal Wire, length 8.89 mm
[endpoint_off_grid]: Symbol pin or wire end off connection grid
    ; warning
    @(333.375 mm, 114.30 mm): Horizontal Wire, length 7.62 mm
[endpoint_off_grid]: Symbol pin or wire end off connection grid
    ; warning
    @(333.375 mm, 116.84 mm): Horizontal Wire, length 7.62 mm
[endpoint_off_grid]: Symbol pin or wire end off connection grid
    ; warning
    @(335.915 mm, 121.92 mm): Horizontal Wire, length 5.08 mm
[endpoint_off_grid]: Symbol pin or wire end off connection grid
    ; warning
    @(335.915 mm, 121.92 mm): Symbol #PWR0123 Pin 1 [Power input, Line]
[endpoint_off_grid]: Symbol pin or wire end off connection grid
    ; warning
    @(337.185 mm, 124.46 mm): Horizontal Wire, length 3.81 mm
[endpoint_off_grid]: Symbol pin or wire end off connection grid
    ; warning
    @(337.185 mm, 128.27 mm): Symbol #PWR0126 Pin 1 [Power input, Line]
[endpoint_off_grid]: Symbol pin or wire end off connection grid
    ; warning
    @(337.185 mm, 128.27 mm): Vertical Wire, length 3.81 mm
[endpoint_off_grid]: Symbol pin or wire end off connection grid
    ; warning
    @(336.55 mm, 106.68 mm): Horizontal Wire, length 4.445 mm
[endpoint_off_grid]: Symbol pin or wire end off connection grid
    ; warning
    @(336.55 mm, 109.22 mm): Horizontal Wire, length 4.445 mm
[endpoint_off_grid]: Symbol pin or wire end off connection grid
    ; warning
    @(340.995 mm, 116.84 mm): Symbol USB2 Pin B7 [D-, Unspecified, Line]
[endpoint_off_grid]: Symbol pin or wire end off connection grid
    ; warning
    @(342.90 mm, 53.975 mm): Horizontal Wire, length 7.62 mm
[endpoint_off_grid]: Symbol pin or wire end off connection grid
    ; warning
    @(350.52 mm, 53.975 mm): Vertical Wire, length 7.62 mm
[endpoint_off_grid]: Symbol pin or wire end off connection grid
    ; warning
    @(350.52 mm, 53.975 mm): Horizontal Wire, length 2.54 mm
[endpoint_off_grid]: Symbol pin or wire end off connection grid
    ; warning
    @(350.52 mm, 61.595 mm): Horizontal Wire, length 22.86 mm
[endpoint_off_grid]: Symbol pin or wire end off connection grid
    ; warning
    @(352.425 mm, 64.135 mm): Vertical Wire, length 8.255 mm
[endpoint_off_grid]: Symbol pin or wire end off connection grid
    ; warning
    @(352.425 mm, 72.39 mm): Horizontal Wire, length 0.635 mm
[endpoint_off_grid]: Symbol pin or wire end off connection grid
    ; warning
    @(342.90 mm, 72.39 mm): Horizontal Wire, length 9.525 mm
[endpoint_off_grid]: Symbol pin or wire end off connection grid
    ; warning
    @(352.425 mm, 132.08 mm): Symbol #PWR0127 Pin 1 [Power input, Line]
[endpoint_off_grid]: Symbol pin or wire end off connection grid
    ; warning
    @(352.425 mm, 132.08 mm): Vertical Wire, length 2.54 mm
[endpoint_off_grid]: Symbol pin or wire end off connection grid
    ; warning
    @(353.06 mm, 53.975 mm): Symbol R62 Pin 2 [Passive, Line]
[endpoint_off_grid]: Symbol pin or wire end off connection grid
    ; warning
    @(360.68 mm, 53.975 mm): Horizontal Wire, length 2.54 mm
[endpoint_off_grid]: Symbol pin or wire end off connection grid
    ; warning
    @(368.30 mm, 106.68 mm): Horizontal Wire, length 4.445 mm
[endpoint_off_grid]: Symbol pin or wire end off connection grid
    ; warning
    @(368.30 mm, 109.22 mm): Horizontal Wire, length 4.445 mm
[endpoint_off_grid]: Symbol pin or wire end off connection grid
    ; warning
    @(372.11 mm, 114.30 mm): Horizontal Wire, length 8.255 mm
[endpoint_off_grid]: Symbol pin or wire end off connection grid
    ; warning
    @(372.11 mm, 116.84 mm): Horizontal Wire, length 8.255 mm
[endpoint_off_grid]: Symbol pin or wire end off connection grid
    ; warning
    @(367.03 mm, 124.46 mm): Horizontal Wire, length 3.175 mm
[endpoint_off_grid]: Symbol pin or wire end off connection grid
    ; warning
    @(367.665 mm, 119.38 mm): Horizontal Wire, length 3.81 mm
[endpoint_off_grid]: Symbol pin or wire end off connection grid
    ; warning
    @(368.30 mm, 46.99 mm): Vertical Wire, length 1.905 mm
[endpoint_off_grid]: Symbol pin or wire end off connection grid
    ; warning
    @(368.30 mm, 59.055 mm): Symbol Q3 Pin 2 [E, Unspecified, Line]
[endpoint_off_grid]: Symbol pin or wire end off connection grid
    ; warning
    @(368.30 mm, 59.055 mm): Vertical Wire, length 5.08 mm
[endpoint_off_grid]: Symbol pin or wire end off connection grid
    ; warning
    @(368.30 mm, 64.135 mm): Horizontal Wire, length 15.875 mm
[endpoint_off_grid]: Symbol pin or wire end off connection grid
    ; warning
    @(368.935 mm, 121.92 mm): Horizontal Wire, length 5.08 mm
[endpoint_off_grid]: Symbol pin or wire end off connection grid
    ; warning
    @(368.935 mm, 121.92 mm): Symbol #PWR0131 Pin 1 [Power input, Line]
[endpoint_off_grid]: Symbol pin or wire end off connection grid
    ; warning
    @(373.38 mm, 61.595 mm): Vertical Wire, length 5.715 mm
[endpoint_off_grid]: Symbol pin or wire end off connection grid
    ; warning
    @(373.38 mm, 79.375 mm): Vertical Wire, length 1.905 mm
[endpoint_off_grid]: Symbol pin or wire end off connection grid
    ; warning
    @(375.285 mm, 119.38 mm): Symbol R64 Pin 2 [Passive, Line]
[endpoint_off_grid]: Symbol pin or wire end off connection grid
    ; warning
    @(376.555 mm, 170.18 mm): Symbol #PWR0132 Pin 1 [Power input, Line]
[endpoint_off_grid]: Symbol pin or wire end off connection grid
    ; warning
    @(376.555 mm, 170.18 mm): Vertical Wire, length 1.905 mm
[endpoint_off_grid]: Symbol pin or wire end off connection grid
    ; warning
    @(376.555 mm, 179.705 mm): Symbol R65 Pin 2 [Passive, Line]
[endpoint_off_grid]: Symbol pin or wire end off connection grid
    ; warning
    @(376.555 mm, 179.705 mm): Vertical Wire, length 2.54 mm
[endpoint_off_grid]: Symbol pin or wire end off connection grid
    ; warning
    @(379.095 mm, 119.38 mm): Horizontal Wire, length 3.81 mm
[endpoint_off_grid]: Symbol pin or wire end off connection grid
    ; warning
    @(379.095 mm, 122.555 mm): Symbol #PWR0133 Pin 1 [Power input, Line]
[endpoint_off_grid]: Symbol pin or wire end off connection grid
    ; warning
    @(379.095 mm, 122.555 mm): Vertical Wire, length 3.175 mm
[endpoint_off_grid]: Symbol pin or wire end off connection grid
    ; warning
    @(380.365 mm, 46.99 mm): Horizontal Wire, length 12.065 mm
[endpoint_off_grid]: Symbol pin or wire end off connection grid
    ; warning
    @(384.81 mm, 79.375 mm): Horizontal Wire, length 11.43 mm
[endpoint_off_grid]: Symbol pin or wire end off connection grid
    ; warning
    @(385.445 mm, 170.18 mm): Symbol #PWR0134 Pin 1 [Power input, Line]
[endpoint_off_grid]: Symbol pin or wire end off connection grid
    ; warning
    @(385.445 mm, 170.18 mm): Vertical Wire, length 1.905 mm
[endpoint_off_grid]: Symbol pin or wire end off connection grid
    ; warning
    @(385.445 mm, 179.705 mm): Vertical Wire, length 2.54 mm
[endpoint_off_grid]: Symbol pin or wire end off connection grid
    ; warning
    @(385.445 mm, 179.705 mm): Symbol R66 Pin 2 [Passive, Line]
[endpoint_off_grid]: Symbol pin or wire end off connection grid
    ; warning
    @(387.985 mm, 233.045 mm): Vertical Wire, length 2.54 mm
[endpoint_off_grid]: Symbol pin or wire end off connection grid
    ; warning
    @(387.985 mm, 233.045 mm): Symbol #PWR0135 Pin 1 [Power input, Line]
[endpoint_off_grid]: Symbol pin or wire end off connection grid
    ; warning
    @(390.525 mm, 230.505 mm): Vertical Wire, length 3.175 mm
[endpoint_off_grid]: Symbol pin or wire end off connection grid
    ; warning
    @(393.065 mm, 230.505 mm): Vertical Wire, length 3.175 mm
[endpoint_off_grid]: Symbol pin or wire end off connection grid
    ; warning
    @(395.605 mm, 230.505 mm): Symbol J2 Pin 1 [Pin_1, Passive, Line]
[endpoint_off_grid]: Symbol pin or wire end off connection grid
    ; warning
    @(395.605 mm, 233.045 mm): Symbol #PWR0136 Pin 1 [Power input, Line]
[endpoint_off_grid]: Symbol pin or wire end off connection grid
    ; warning
    @(395.605 mm, 233.045 mm): Vertical Wire, length 2.54 mm
[endpoint_off_grid]: Symbol pin or wire end off connection grid
    ; warning
    @(32.385 mm, 184.15 mm): Horizontal Wire, length 10.795 mm
[endpoint_off_grid]: Symbol pin or wire end off connection grid
    ; warning
    @(34.29 mm, 254.00 mm): Vertical Wire, length 1.905 mm
[endpoint_off_grid]: Symbol pin or wire end off connection grid
    ; warning
    @(34.29 mm, 252.095 mm): Symbol #PWR0139 Pin 1 [Power input, Line]
[endpoint_off_grid]: Symbol pin or wire end off connection grid
    ; warning
    @(34.29 mm, 254.00 mm): Vertical Wire, length 1.905 mm
[endpoint_off_grid]: Symbol pin or wire end off connection grid
    ; warning
    @(34.29 mm, 263.525 mm): Symbol C20 Pin 2 [Passive, Line]
[endpoint_off_grid]: Symbol pin or wire end off connection grid
    ; warning
    @(34.29 mm, 266.065 mm): Vertical Wire, length 2.54 mm
[endpoint_off_grid]: Symbol pin or wire end off connection grid
    ; warning
    @(34.29 mm, 266.065 mm): Symbol #PWR0140 Pin 1 [Power input, Line]
[endpoint_off_grid]: Symbol pin or wire end off connection grid
    ; warning
    @(41.91 mm, 40.005 mm): Symbol #PWR0141 Pin 1 [Power input, Line]
[endpoint_off_grid]: Symbol pin or wire end off connection grid
    ; warning
    @(41.91 mm, 40.005 mm): Vertical Wire, length 1.27 mm
[endpoint_off_grid]: Symbol pin or wire end off connection grid
    ; warning
    @(41.91 mm, 41.275 mm): Symbol F2 Pin 2 [2, Unspecified, Line]
[endpoint_off_grid]: Symbol pin or wire end off connection grid
    ; warning
    @(41.91 mm, 51.435 mm): Vertical Wire, length 2.54 mm
[endpoint_off_grid]: Symbol pin or wire end off connection grid
    ; warning
    @(41.91 mm, 53.975 mm): Vertical Wire, length 1.905 mm
[endpoint_off_grid]: Symbol pin or wire end off connection grid
    ; warning
    @(41.91 mm, 53.975 mm): Horizontal Wire, length 9.525 mm
[endpoint_off_grid]: Symbol pin or wire end off connection grid
    ; warning
    @(29.21 mm, 223.52 mm): Horizontal Wire, length 13.335 mm
[endpoint_off_grid]: Symbol pin or wire end off connection grid
    ; warning
    @(46.99 mm, 255.905 mm): Vertical Wire, length 1.905 mm
[endpoint_off_grid]: Symbol pin or wire end off connection grid
    ; warning
    @(46.99 mm, 263.525 mm): Symbol C22 Pin 2 [Passive, Line]
[endpoint_off_grid]: Symbol pin or wire end off connection grid
    ; warning
    @(46.99 mm, 266.065 mm): Symbol #PWR0143 Pin 1 [Power input, Line]
[endpoint_off_grid]: Symbol pin or wire end off connection grid
    ; warning
    @(46.99 mm, 266.065 mm): Vertical Wire, length 2.54 mm
[endpoint_off_grid]: Symbol pin or wire end off connection grid
    ; warning
    @(51.435 mm, 53.975 mm): Horizontal Wire, length 9.525 mm
[endpoint_off_grid]: Symbol pin or wire end off connection grid
    ; warning
    @(51.435 mm, 53.975 mm): Vertical Wire, length 1.905 mm
[endpoint_off_grid]: Symbol pin or wire end off connection grid
    ; warning
    @(51.435 mm, 63.50 mm): Vertical Wire, length 1.27 mm
[endpoint_off_grid]: Symbol pin or wire end off connection grid
    ; warning
    @(51.435 mm, 63.50 mm): Symbol C24 Pin 2 [Passive, Line]
[endpoint_off_grid]: Symbol pin or wire end off connection grid
    ; warning
    @(41.91 mm, 64.77 mm): Horizontal Wire, length 9.525 mm
[endpoint_off_grid]: Symbol pin or wire end off connection grid
    ; warning
    @(51.435 mm, 64.77 mm): Horizontal Wire, length 4.445 mm
[endpoint_off_grid]: Symbol pin or wire end off connection grid
    ; warning
    @(55.88 mm, 66.675 mm): Vertical Wire, length 1.905 mm
[endpoint_off_grid]: Symbol pin or wire end off connection grid
    ; warning
    @(55.88 mm, 66.675 mm): Symbol #PWR0146 Pin 1 [Power input, Line]
[endpoint_off_grid]: Symbol pin or wire end off connection grid
    ; warning
    @(59.69 mm, 184.15 mm): Vertical Wire, length 24.765 mm
[endpoint_off_grid]: Symbol pin or wire end off connection grid
    ; warning
    @(59.69 mm, 208.915 mm): Horizontal Wire, length 3.81 mm
[endpoint_off_grid]: Symbol pin or wire end off connection grid
    ; warning
    @(60.96 mm, 53.975 mm): Vertical Wire, length 1.905 mm
[endpoint_off_grid]: Symbol pin or wire end off connection grid
    ; warning
    @(60.96 mm, 53.975 mm): Horizontal Wire, length 9.525 mm
[endpoint_off_grid]: Symbol pin or wire end off connection grid
    ; warning
    @(60.96 mm, 254.00 mm): Vertical Wire, length 1.905 mm
[endpoint_off_grid]: Symbol pin or wire end off connection grid
    ; warning
    @(60.96 mm, 255.905 mm): Symbol C26 Pin 2 [Passive, Line]
[endpoint_off_grid]: Symbol pin or wire end off connection grid
    ; warning
    @(60.96 mm, 266.065 mm): Vertical Wire, length 2.54 mm
[endpoint_off_grid]: Symbol pin or wire end off connection grid
    ; warning
    @(60.96 mm, 266.065 mm): Symbol #PWR0147 Pin 1 [Power input, Line]
[endpoint_off_grid]: Symbol pin or wire end off connection grid
    ; warning
    @(63.50 mm, 197.485 mm): Symbol Q5 Pin 3 [D, Unspecified, Line]
[endpoint_off_grid]: Symbol pin or wire end off connection grid
    ; warning
    @(63.50 mm, 197.485 mm): Horizontal Wire, length 13.335 mm
[endpoint_off_grid]: Symbol pin or wire end off connection grid
    ; warning
    @(63.50 mm, 191.77 mm): Vertical Wire, length 5.715 mm
[endpoint_off_grid]: Symbol pin or wire end off connection grid
    ; warning
    @(63.50 mm, 207.645 mm): Vertical Wire, length 1.27 mm
[endpoint_off_grid]: Symbol pin or wire end off connection grid
    ; warning
    @(63.50 mm, 208.915 mm): Horizontal Wire, length 17.78 mm
[endpoint_off_grid]: Symbol pin or wire end off connection grid
    ; warning
    @(66.675 mm, 120.65 mm): Horizontal Wire, length 7.62 mm
[endpoint_off_grid]: Symbol pin or wire end off connection grid
    ; warning
    @(46.99 mm, 120.65 mm): Horizontal Wire, length 19.685 mm
[endpoint_off_grid]: Symbol pin or wire end off connection grid
    ; warning
    @(66.675 mm, 124.46 mm): Vertical Wire, length 3.81 mm
[endpoint_off_grid]: Symbol pin or wire end off connection grid
    ; warning
    @(66.675 mm, 132.08 mm): Symbol C19 Pin 2 [Passive, Line]
[endpoint_off_grid]: Symbol pin or wire end off connection grid
    ; warning
    @(66.675 mm, 133.985 mm): Symbol #PWR0138 Pin 1 [Power input, Line]
[endpoint_off_grid]: Symbol pin or wire end off connection grid
    ; warning
    @(66.675 mm, 133.985 mm): Vertical Wire, length 1.905 mm
[endpoint_off_grid]: Symbol pin or wire end off connection grid
    ; warning
    @(67.945 mm, 184.15 mm): Vertical Wire, length 2.54 mm
[endpoint_off_grid]: Symbol pin or wire end off connection grid
    ; warning
    @(67.945 mm, 184.15 mm): Horizontal Wire, length 8.255 mm
[endpoint_off_grid]: Symbol pin or wire end off connection grid
    ; warning
    @(67.945 mm, 186.69 mm): Horizontal Wire, length 1.27 mm
[endpoint_off_grid]: Symbol pin or wire end off connection grid
    ; warning
    @(67.945 mm, 186.69 mm): Vertical Wire, length 2.54 mm
[endpoint_off_grid]: Symbol pin or wire end off connection grid
    ; warning
    @(67.945 mm, 189.23 mm): Horizontal Wire, length 1.27 mm
[endpoint_off_grid]: Symbol pin or wire end off connection grid
    ; warning
    @(69.215 mm, 184.15 mm): Horizontal Wire, length 1.27 mm
[endpoint_off_grid]: Symbol pin or wire end off connection grid
    ; warning
    @(69.215 mm, 191.77 mm): Horizontal Wire, length 5.715 mm
[endpoint_off_grid]: Symbol pin or wire end off connection grid
    ; warning
    @(70.485 mm, 53.975 mm): Vertical Wire, length 1.905 mm
[endpoint_off_grid]: Symbol pin or wire end off connection grid
    ; warning
    @(70.485 mm, 53.975 mm): Horizontal Wire, length 8.89 mm
[endpoint_off_grid]: Symbol pin or wire end off connection grid
    ; warning
    @(70.485 mm, 63.50 mm): Symbol C27 Pin 2 [Passive, Line]
[endpoint_off_grid]: Symbol pin or wire end off connection grid
    ; warning
    @(70.485 mm, 64.77 mm): Vertical Wire, length 1.27 mm
[endpoint_off_grid]: Symbol pin or wire end off connection grid
    ; warning
    @(60.96 mm, 64.77 mm): Horizontal Wire, length 9.525 mm
[endpoint_off_grid]: Symbol pin or wire end off connection grid
    ; warning
    @(74.295 mm, 120.65 mm): Symbol #PWR0265 Pin 1 [Power input, Line]
[endpoint_off_grid]: Symbol pin or wire end off connection grid
    ; warning
    @(79.375 mm, 53.975 mm): Vertical Wire, length 1.905 mm
[endpoint_off_grid]: Symbol pin or wire end off connection grid
    ; warning
    @(79.375 mm, 53.975 mm): Horizontal Wire, length 15.24 mm
[endpoint_off_grid]: Symbol pin or wire end off connection grid
    ; warning
    @(79.375 mm, 63.50 mm): Vertical Wire, length 1.905 mm
[endpoint_off_grid]: Symbol pin or wire end off connection grid
    ; warning
    @(79.375 mm, 63.50 mm): Symbol R69 Pin 2 [Passive, Line]
[endpoint_off_grid]: Symbol pin or wire end off connection grid
    ; warning
    @(79.375 mm, 65.405 mm): Horizontal Wire, length 8.255 mm
[endpoint_off_grid]: Symbol pin or wire end off connection grid
    ; warning
    @(79.375 mm, 65.405 mm): Vertical Wire, length 1.905 mm
[endpoint_off_grid]: Symbol pin or wire end off connection grid
    ; warning
    @(79.375 mm, 74.93 mm): Symbol R70 Pin 2 [Passive, Line]
[endpoint_off_grid]: Symbol pin or wire end off connection grid
    ; warning
    @(79.375 mm, 76.20 mm): Vertical Wire, length 1.27 mm
[endpoint_off_grid]: Symbol pin or wire end off connection grid
    ; warning
    @(79.375 mm, 83.82 mm): Vertical Wire, length 1.27 mm
[endpoint_off_grid]: Symbol pin or wire end off connection grid
    ; warning
    @(79.375 mm, 83.82 mm): Symbol R100 Pin 2 [Passive, Line]
[endpoint_off_grid]: Symbol pin or wire end off connection grid
    ; warning
    @(79.375 mm, 85.09 mm): Symbol #PWR0148 Pin 1 [Power input, Line]
[endpoint_off_grid]: Symbol pin or wire end off connection grid
    ; warning
    @(80.645 mm, 202.565 mm): Horizontal Wire, length 9.525 mm
[endpoint_off_grid]: Symbol pin or wire end off connection grid
    ; warning
    @(81.28 mm, 144.145 mm): Symbol TP33 Pin 1 [1, Passive, Line]
[endpoint_off_grid]: Symbol pin or wire end off connection grid
    ; warning
    @(81.28 mm, 146.05 mm): Vertical Wire, length 1.905 mm
[endpoint_off_grid]: Symbol pin or wire end off connection grid
    ; warning
    @(81.28 mm, 208.915 mm): Vertical Wire, length 1.905 mm
[endpoint_off_grid]: Symbol pin or wire end off connection grid
    ; warning
    @(81.28 mm, 208.915 mm): Horizontal Wire, length 13.335 mm
[endpoint_off_grid]: Symbol pin or wire end off connection grid
    ; warning
    @(81.28 mm, 218.44 mm): Vertical Wire, length 1.905 mm
[endpoint_off_grid]: Symbol pin or wire end off connection grid
    ; warning
    @(81.28 mm, 220.345 mm): Vertical Wire, length 0.635 mm
[endpoint_off_grid]: Symbol pin or wire end off connection grid
    ; warning
    @(81.28 mm, 230.505 mm): Vertical Wire, length 0.635 mm
[endpoint_off_grid]: Symbol pin or wire end off connection grid
    ; warning
    @(81.28 mm, 228.60 mm): Vertical Wire, length 1.905 mm
[endpoint_off_grid]: Symbol pin or wire end off connection grid
    ; warning
    @(81.28 mm, 238.76 mm): Vertical Wire, length 1.905 mm
[endpoint_off_grid]: Symbol pin or wire end off connection grid
    ; warning
    @(81.28 mm, 240.665 mm): Symbol #PWR0150 Pin 1 [Power input, Line]
[endpoint_off_grid]: Symbol pin or wire end off connection grid
    ; warning
    @(83.82 mm, 254.00 mm): Vertical Wire, length 1.905 mm
[endpoint_off_grid]: Symbol pin or wire end off connection grid
    ; warning
    @(83.82 mm, 255.905 mm): Symbol C28 Pin 2 [Passive, Line]
[endpoint_off_grid]: Symbol pin or wire end off connection grid
    ; warning
    @(83.82 mm, 265.43 mm): Vertical Wire, length 1.905 mm
[endpoint_off_grid]: Symbol pin or wire end off connection grid
    ; warning
    @(84.455 mm, 181.61 mm): Horizontal Wire, length 1.27 mm
[endpoint_off_grid]: Symbol pin or wire end off connection grid
    ; warning
    @(84.455 mm, 184.15 mm): Horizontal Wire, length 1.27 mm
[endpoint_off_grid]: Symbol pin or wire end off connection grid
    ; warning
    @(84.455 mm, 186.69 mm): Horizontal Wire, length 1.27 mm
[endpoint_off_grid]: Symbol pin or wire end off connection grid
    ; warning
    @(84.455 mm, 189.23 mm): Symbol Q6 Pin 6 [D, Unspecified, Line]
[endpoint_off_grid]: Symbol pin or wire end off connection grid
    ; warning
    @(84.455 mm, 189.23 mm): Horizontal Wire, length 1.27 mm
[endpoint_off_grid]: Symbol pin or wire end off connection grid
    ; warning
    @(85.725 mm, 181.61 mm): Vertical Wire, length 2.54 mm
[endpoint_off_grid]: Symbol pin or wire end off connection grid
    ; warning
    @(85.725 mm, 181.61 mm): Horizontal Wire, length 30.48 mm
[endpoint_off_grid]: Symbol pin or wire end off connection grid
    ; warning
    @(85.725 mm, 184.15 mm): Vertical Wire, length 2.54 mm
[endpoint_off_grid]: Symbol pin or wire end off connection grid
    ; warning
    @(85.725 mm, 186.69 mm): Vertical Wire, length 2.54 mm
[endpoint_off_grid]: Symbol pin or wire end off connection grid
    ; warning
    @(85.725 mm, 189.23 mm): Vertical Wire, length 2.54 mm
[endpoint_off_grid]: Symbol pin or wire end off connection grid
    ; warning
    @(85.725 mm, 191.77 mm): Horizontal Wire, length 1.27 mm
[endpoint_off_grid]: Symbol pin or wire end off connection grid
    ; warning
    @(87.63 mm, 56.515 mm): Horizontal Wire, length 6.985 mm
[endpoint_off_grid]: Symbol pin or wire end off connection grid
    ; warning
    @(87.63 mm, 65.405 mm): Vertical Wire, length 8.89 mm
[endpoint_off_grid]: Symbol pin or wire end off connection grid
    ; warning
    @(90.805 mm, 59.055 mm): Horizontal Wire, length 3.81 mm
[endpoint_off_grid]: Symbol pin or wire end off connection grid
    ; warning
    @(90.805 mm, 60.325 mm): Vertical Wire, length 1.27 mm
[endpoint_off_grid]: Symbol pin or wire end off connection grid
    ; warning
    @(90.805 mm, 67.945 mm): Symbol R74 Pin 2 [Passive, Line]
[endpoint_off_grid]: Symbol pin or wire end off connection grid
    ; warning
    @(90.805 mm, 69.215 mm): Vertical Wire, length 1.27 mm
[endpoint_off_grid]: Symbol pin or wire end off connection grid
    ; warning
    @(90.805 mm, 69.215 mm): Symbol #PWR0153 Pin 1 [Power input, Line]
[endpoint_off_grid]: Symbol pin or wire end off connection grid
    ; warning
    @(91.44 mm, 40.005 mm): Vertical Wire, length 11.43 mm
[endpoint_off_grid]: Symbol pin or wire end off connection grid
    ; warning
    @(91.44 mm, 51.435 mm): Horizontal Wire, length 3.175 mm
[endpoint_off_grid]: Symbol pin or wire end off connection grid
    ; warning
    @(92.71 mm, 220.345 mm): Horizontal Wire, length 11.43 mm
[endpoint_off_grid]: Symbol pin or wire end off connection grid
    ; warning
    @(92.71 mm, 230.505 mm): Horizontal Wire, length 11.43 mm
[endpoint_off_grid]: Symbol pin or wire end off connection grid
    ; warning
    @(94.615 mm, 186.69 mm): Vertical Wire, length 22.225 mm
[endpoint_off_grid]: Symbol pin or wire end off connection grid
    ; warning
    @(97.79 mm, 133.985 mm): Symbol #PWR0162 Pin 1 [Power input, Line]
[endpoint_off_grid]: Symbol pin or wire end off connection grid
    ; warning
    @(97.79 mm, 133.985 mm): Vertical Wire, length 1.905 mm
[endpoint_off_grid]: Symbol pin or wire end off connection grid
    ; warning
    @(98.425 mm, 194.31 mm): Symbol #PWR0154 Pin 1 [Power input, Line]
[endpoint_off_grid]: Symbol pin or wire end off connection grid
    ; warning
    @(98.425 mm, 194.31 mm): Horizontal Wire, length 17.78 mm
[endpoint_off_grid]: Symbol pin or wire end off connection grid
    ; warning
    @(102.87 mm, 243.205 mm): Horizontal Wire, length 8.255 mm
[endpoint_off_grid]: Symbol pin or wire end off connection grid
    ; warning
    @(102.87 mm, 244.475 mm): Vertical Wire, length 1.27 mm
[endpoint_off_grid]: Symbol pin or wire end off connection grid
    ; warning
    @(102.87 mm, 252.095 mm): Symbol R93 Pin 2 [Passive, Line]
[endpoint_off_grid]: Symbol pin or wire end off connection grid
    ; warning
    @(102.87 mm, 252.095 mm): Vertical Wire, length 1.27 mm
[endpoint_off_grid]: Symbol pin or wire end off connection grid
    ; warning
    @(102.87 mm, 260.985 mm): Symbol R76 Pin 2 [Passive, Line]
[endpoint_off_grid]: Symbol pin or wire end off connection grid
    ; warning
    @(102.87 mm, 262.255 mm): Vertical Wire, length 1.27 mm
[endpoint_off_grid]: Symbol pin or wire end off connection grid
    ; warning
    @(102.87 mm, 271.78 mm): Vertical Wire, length 1.905 mm
[endpoint_off_grid]: Symbol pin or wire end off connection grid
    ; warning
    @(102.87 mm, 269.875 mm): Symbol R75 Pin 2 [Passive, Line]
[endpoint_off_grid]: Symbol pin or wire end off connection grid
    ; warning
    @(103.505 mm, 40.005 mm): Horizontal Wire, length 12.065 mm
[endpoint_off_grid]: Symbol pin or wire end off connection grid
    ; warning
    @(105.41 mm, 45.085 mm): Symbol #PWR0156 Pin 1 [Power input, Line]
[endpoint_off_grid]: Symbol pin or wire end off connection grid
    ; warning
    @(105.41 mm, 45.085 mm): Horizontal Wire, length 1.905 mm
[endpoint_off_grid]: Symbol pin or wire end off connection grid
    ; warning
    @(107.315 mm, 45.085 mm): Vertical Wire, length 1.27 mm
[endpoint_off_grid]: Symbol pin or wire end off connection grid
    ; warning
    @(107.315 mm, 46.355 mm): Symbol U15 Pin 9 [EP, Unspecified, Line]
[endpoint_off_grid]: Symbol pin or wire end off connection grid
    ; warning
    @(111.125 mm, 40.005 mm): Horizontal Wire, length 13.335 mm
[endpoint_off_grid]: Symbol pin or wire end off connection grid
    ; warning
    @(111.125 mm, 40.005 mm): Symbol C30 Pin 2 [Passive, Line]
[endpoint_off_grid]: Symbol pin or wire end off connection grid
    ; warning
    @(114.935 mm, 255.27 mm): Horizontal Wire, length 5.08 mm
[endpoint_off_grid]: Symbol pin or wire end off connection grid
    ; warning
    @(105.41 mm, 184.15 mm): Horizontal Wire, length 10.795 mm
[endpoint_off_grid]: Symbol pin or wire end off connection grid
    ; warning
    @(116.205 mm, 186.69 mm): Horizontal Wire, length 21.59 mm
[endpoint_off_grid]: Symbol pin or wire end off connection grid
    ; warning
    @(105.41 mm, 189.23 mm): Horizontal Wire, length 10.795 mm
[endpoint_off_grid]: Symbol pin or wire end off connection grid
    ; warning
    @(105.41 mm, 191.77 mm): Horizontal Wire, length 10.795 mm
[endpoint_off_grid]: Symbol pin or wire end off connection grid
    ; warning
    @(105.41 mm, 196.85 mm): Horizontal Wire, length 10.795 mm
[endpoint_off_grid]: Symbol pin or wire end off connection grid
    ; warning
    @(105.41 mm, 199.39 mm): Horizontal Wire, length 10.795 mm
[endpoint_off_grid]: Symbol pin or wire end off connection grid
    ; warning
    @(105.41 mm, 201.93 mm): Horizontal Wire, length 10.795 mm
[endpoint_off_grid]: Symbol pin or wire end off connection grid
    ; warning
    @(120.015 mm, 51.435 mm): Horizontal Wire, length 4.445 mm
[endpoint_off_grid]: Symbol pin or wire end off connection grid
    ; warning
    @(120.015 mm, 53.975 mm): Horizontal Wire, length 8.255 mm
[endpoint_off_grid]: Symbol pin or wire end off connection grid
    ; warning
    @(120.015 mm, 56.515 mm): Horizontal Wire, length 8.255 mm
[endpoint_off_grid]: Symbol pin or wire end off connection grid
    ; warning
    @(120.015 mm, 59.055 mm): Horizontal Wire, length 3.175 mm
[endpoint_off_grid]: Symbol pin or wire end off connection grid
    ; warning
    @(120.015 mm, 255.27 mm): Vertical Wire, length 2.54 mm
[endpoint_off_grid]: Symbol pin or wire end off connection grid
    ; warning
    @(120.015 mm, 255.27 mm): Horizontal Wire, length 8.89 mm
[endpoint_off_grid]: Symbol pin or wire end off connection grid
    ; warning
    @(120.015 mm, 265.43 mm): Symbol R77 Pin 2 [Passive, Line]
[endpoint_off_grid]: Symbol pin or wire end off connection grid
    ; warning
    @(120.015 mm, 266.70 mm): Horizontal Wire, length 4.445 mm
[endpoint_off_grid]: Symbol pin or wire end off connection grid
    ; warning
    @(120.015 mm, 266.70 mm): Vertical Wire, length 1.27 mm
[endpoint_off_grid]: Symbol pin or wire end off connection grid
    ; warning
    @(124.46 mm, 40.005 mm): Horizontal Wire, length 3.81 mm
[endpoint_off_grid]: Symbol pin or wire end off connection grid
    ; warning
    @(124.46 mm, 40.005 mm): Vertical Wire, length 11.43 mm
[endpoint_off_grid]: Symbol pin or wire end off connection grid
    ; warning
    @(124.46 mm, 266.70 mm): Vertical Wire, length 1.905 mm
[endpoint_off_grid]: Symbol pin or wire end off connection grid
    ; warning
    @(124.46 mm, 268.605 mm): Symbol #PWR0159 Pin 1 [Power input, Line]
[endpoint_off_grid]: Symbol pin or wire end off connection grid
    ; warning
    @(128.27 mm, 40.005 mm): Vertical Wire, length 1.905 mm
[endpoint_off_grid]: Symbol pin or wire end off connection grid
    ; warning
    @(128.27 mm, 40.005 mm): Horizontal Wire, length 1.905 mm
[endpoint_off_grid]: Symbol pin or wire end off connection grid
    ; warning
    @(128.27 mm, 53.975 mm): Horizontal Wire, length 13.335 mm
[endpoint_off_grid]: Symbol pin or wire end off connection grid
    ; warning
    @(128.27 mm, 52.07 mm): Vertical Wire, length 1.905 mm
[endpoint_off_grid]: Symbol pin or wire end off connection grid
    ; warning
    @(128.27 mm, 56.515 mm): Horizontal Wire, length 13.335 mm
[endpoint_off_grid]: Symbol pin or wire end off connection grid
    ; warning
    @(128.27 mm, 57.785 mm): Vertical Wire, length 1.27 mm
[endpoint_off_grid]: Symbol pin or wire end off connection grid
    ; warning
    @(128.27 mm, 65.405 mm): Symbol R78 Pin 2 [Passive, Line]
[endpoint_off_grid]: Symbol pin or wire end off connection grid
    ; warning
    @(128.27 mm, 66.675 mm): Vertical Wire, length 1.27 mm
[endpoint_off_grid]: Symbol pin or wire end off connection grid
    ; warning
    @(128.27 mm, 74.295 mm): Symbol R116 Pin 2 [Passive, Line]
[endpoint_off_grid]: Symbol pin or wire end off connection grid
    ; warning
    @(128.27 mm, 74.93 mm): Vertical Wire, length 0.635 mm
[endpoint_off_grid]: Symbol pin or wire end off connection grid
    ; warning
    @(128.905 mm, 255.27 mm): Horizontal Wire, length 4.445 mm
[endpoint_off_grid]: Symbol pin or wire end off connection grid
    ; warning
    @(128.905 mm, 255.27 mm): Vertical Wire, length 2.54 mm
[endpoint_off_grid]: Symbol pin or wire end off connection grid
    ; warning
    @(128.905 mm, 265.43 mm): Symbol R118 Pin 2 [Passive, Line]
[endpoint_off_grid]: Symbol pin or wire end off connection grid
    ; warning
    @(128.905 mm, 266.70 mm): Horizontal Wire, length 4.445 mm
[endpoint_off_grid]: Symbol pin or wire end off connection grid
    ; warning
    @(128.905 mm, 266.70 mm): Vertical Wire, length 1.27 mm
[endpoint_off_grid]: Symbol pin or wire end off connection grid
    ; warning
    @(130.175 mm, 174.625 mm): Symbol #PWR0161 Pin 1 [Power input, Line]
[endpoint_off_grid]: Symbol pin or wire end off connection grid
    ; warning
    @(130.175 mm, 174.625 mm): Vertical Wire, length 1.905 mm
[endpoint_off_grid]: Symbol pin or wire end off connection grid
    ; warning
    @(135.255 mm, 34.925 mm): Symbol L2 Pin 3 [3, Unspecified, Line]
[endpoint_off_grid]: Symbol pin or wire end off connection grid
    ; warning
    @(141.605 mm, 40.005 mm): Horizontal Wire, length 1.27 mm
[endpoint_off_grid]: Symbol pin or wire end off connection grid
    ; warning
    @(141.605 mm, 40.005 mm): Horizontal Wire, length 10.16 mm
[endpoint_off_grid]: Symbol pin or wire end off connection grid
    ; warning
    @(141.605 mm, 43.18 mm): Symbol C33 Pin 2 [Passive, Line]
[endpoint_off_grid]: Symbol pin or wire end off connection grid
    ; warning
    @(141.605 mm, 43.18 mm): Vertical Wire, length 3.175 mm
[endpoint_off_grid]: Symbol pin or wire end off connection grid
    ; warning
    @(141.605 mm, 50.80 mm): Vertical Wire, length 3.175 mm
[endpoint_off_grid]: Symbol pin or wire end off connection grid
    ; warning
    @(141.605 mm, 53.975 mm): Horizontal Wire, length 10.16 mm
[endpoint_off_grid]: Symbol pin or wire end off connection grid
    ; warning
    @(141.605 mm, 58.42 mm): Vertical Wire, length 1.905 mm
[endpoint_off_grid]: Symbol pin or wire end off connection grid
    ; warning
    @(141.605 mm, 58.42 mm): Symbol C34 Pin 2 [Passive, Line]
[endpoint_off_grid]: Symbol pin or wire end off connection grid
    ; warning
    @(141.605 mm, 67.31 mm): Vertical Wire, length 1.27 mm
[endpoint_off_grid]: Symbol pin or wire end off connection grid
    ; warning
    @(141.605 mm, 67.31 mm): Symbol #PWR0163 Pin 1 [Power input, Line]
[endpoint_off_grid]: Symbol pin or wire end off connection grid
    ; warning
    @(144.145 mm, 181.61 mm): Horizontal Wire, length 12.70 mm
[endpoint_off_grid]: Symbol pin or wire end off connection grid
    ; warning
    @(144.145 mm, 184.15 mm): Horizontal Wire, length 12.70 mm
[endpoint_off_grid]: Symbol pin or wire end off connection grid
    ; warning
    @(144.145 mm, 186.69 mm): Horizontal Wire, length 12.70 mm
[endpoint_off_grid]: Symbol pin or wire end off connection grid
    ; warning
    @(144.145 mm, 189.23 mm): Horizontal Wire, length 12.70 mm
[endpoint_off_grid]: Symbol pin or wire end off connection grid
    ; warning
    @(144.145 mm, 191.77 mm): Horizontal Wire, length 12.70 mm
[endpoint_off_grid]: Symbol pin or wire end off connection grid
    ; warning
    @(144.145 mm, 194.31 mm): Horizontal Wire, length 12.70 mm
[endpoint_off_grid]: Symbol pin or wire end off connection grid
    ; warning
    @(144.145 mm, 196.85 mm): Horizontal Wire, length 12.70 mm
[endpoint_off_grid]: Symbol pin or wire end off connection grid
    ; warning
    @(144.145 mm, 199.39 mm): Symbol U16 Pin 16 [PGOOD, Unspecified, Line]
[endpoint_off_grid]: Symbol pin or wire end off connection grid
    ; warning
    @(144.145 mm, 199.39 mm): Horizontal Wire, length 12.70 mm
[endpoint_off_grid]: Symbol pin or wire end off connection grid
    ; warning
    @(144.145 mm, 201.93 mm): Horizontal Wire, length 22.225 mm
[endpoint_off_grid]: Symbol pin or wire end off connection grid
    ; warning
    @(147.955 mm, 255.27 mm): Horizontal Wire, length 9.525 mm
[endpoint_off_grid]: Symbol pin or wire end off connection grid
    ; warning
    @(147.955 mm, 266.70 mm): Vertical Wire, length 11.43 mm
[endpoint_off_grid]: Symbol pin or wire end off connection grid
    ; warning
    @(147.955 mm, 266.70 mm): Symbol #PWR0164 Pin 1 [Power input, Line]
[endpoint_off_grid]: Symbol pin or wire end off connection grid
    ; warning
    @(150.495 mm, 81.915 mm): Symbol #PWR0165 Pin 1 [Power input, Line]
[endpoint_off_grid]: Symbol pin or wire end off connection grid
    ; warning
    @(150.495 mm, 81.915 mm): Horizontal Wire, length 1.27 mm
[endpoint_off_grid]: Symbol pin or wire end off connection grid
    ; warning
    @(151.765 mm, 40.005 mm): Vertical Wire, length 3.175 mm
[endpoint_off_grid]: Symbol pin or wire end off connection grid
    ; warning
    @(151.765 mm, 40.005 mm): Horizontal Wire, length 10.16 mm
[endpoint_off_grid]: Symbol pin or wire end off connection grid
    ; warning
    @(151.765 mm, 43.18 mm): Symbol C35 Pin 2 [Passive, Line]
[endpoint_off_grid]: Symbol pin or wire end off connection grid
    ; warning
    @(151.765 mm, 50.80 mm): Vertical Wire, length 3.175 mm
[endpoint_off_grid]: Symbol pin or wire end off connection grid
    ; warning
    @(151.765 mm, 53.975 mm): Horizontal Wire, length 10.16 mm
[endpoint_off_grid]: Symbol pin or wire end off connection grid
    ; warning
    @(151.765 mm, 81.915 mm): Symbol TP21 Pin 1 [1, Passive, Line]
[endpoint_off_grid]: Symbol pin or wire end off connection grid
    ; warning
    @(151.765 mm, 81.915 mm): Horizontal Wire, length 1.905 mm
[endpoint_off_grid]: Symbol pin or wire end off connection grid
    ; warning
    @(156.845 mm, 189.23 mm): Symbol #PWR0166 Pin 1 [Power input, Line]
[endpoint_off_grid]: Symbol pin or wire end off connection grid
    ; warning
    @(147.32 mm, 213.36 mm): Horizontal Wire, length 10.795 mm
[endpoint_off_grid]: Symbol pin or wire end off connection grid
    ; warning
    @(158.115 mm, 213.36 mm): Horizontal Wire, length 8.255 mm
[endpoint_off_grid]: Symbol pin or wire end off connection grid
    ; warning
    @(158.115 mm, 213.36 mm): Vertical Wire, length 3.175 mm
[endpoint_off_grid]: Symbol pin or wire end off connection grid
    ; warning
    @(158.115 mm, 224.155 mm): Symbol R80 Pin 2 [Passive, Line]
[endpoint_off_grid]: Symbol pin or wire end off connection grid
    ; warning
    @(158.115 mm, 225.425 mm): Vertical Wire, length 1.27 mm
[endpoint_off_grid]: Symbol pin or wire end off connection grid
    ; warning
    @(161.29 mm, 81.915 mm): Symbol D11 Pin 1 [K, Passive, Line]
[endpoint_off_grid]: Symbol pin or wire end off connection grid
    ; warning
    @(161.925 mm, 40.005 mm): Vertical Wire, length 3.175 mm
[endpoint_off_grid]: Symbol pin or wire end off connection grid
    ; warning
    @(161.925 mm, 40.005 mm): Horizontal Wire, length 12.065 mm
[endpoint_off_grid]: Symbol pin or wire end off connection grid
    ; warning
    @(161.925 mm, 43.18 mm): Symbol C36 Pin 2 [Passive, Line]
[endpoint_off_grid]: Symbol pin or wire end off connection grid
    ; warning
    @(161.925 mm, 53.975 mm): Vertical Wire, length 3.175 mm
[endpoint_off_grid]: Symbol pin or wire end off connection grid
    ; warning
    @(161.925 mm, 55.88 mm): Vertical Wire, length 1.905 mm
[endpoint_off_grid]: Symbol pin or wire end off connection grid
    ; warning
    @(161.925 mm, 55.88 mm): Symbol #PWR0167 Pin 1 [Power input, Line]
[endpoint_off_grid]: Symbol pin or wire end off connection grid
    ; warning
    @(161.925 mm, 225.425 mm): Horizontal Wire, length 3.81 mm
[endpoint_off_grid]: Symbol pin or wire end off connection grid
    ; warning
    @(161.925 mm, 226.695 mm): Vertical Wire, length 1.27 mm
[endpoint_off_grid]: Symbol pin or wire end off connection grid
    ; warning
    @(161.925 mm, 226.695 mm): Symbol #PWR0168 Pin 1 [Power input, Line]
[endpoint_off_grid]: Symbol pin or wire end off connection grid
    ; warning
    @(163.83 mm, 81.915 mm): Horizontal Wire, length 2.54 mm
[endpoint_off_grid]: Symbol pin or wire end off connection grid
    ; warning
    @(165.735 mm, 245.745 mm): Horizontal Wire, length 11.43 mm
[endpoint_off_grid]: Symbol pin or wire end off connection grid
    ; warning
    @(166.37 mm, 203.835 mm): Vertical Wire, length 1.905 mm
[endpoint_off_grid]: Symbol pin or wire end off connection grid
    ; warning
    @(166.37 mm, 211.455 mm): Symbol R79 Pin 2 [Passive, Line]
[endpoint_off_grid]: Symbol pin or wire end off connection grid
    ; warning
    @(166.37 mm, 211.455 mm): Vertical Wire, length 1.905 mm
[endpoint_off_grid]: Symbol pin or wire end off connection grid
    ; warning
    @(166.37 mm, 216.535 mm): Vertical Wire, length 3.175 mm
[endpoint_off_grid]: Symbol pin or wire end off connection grid
    ; warning
    @(166.37 mm, 224.155 mm): Symbol R121 Pin 2 [Passive, Line]
[endpoint_off_grid]: Symbol pin or wire end off connection grid
    ; warning
    @(166.37 mm, 225.425 mm): Vertical Wire, length 1.27 mm
[endpoint_off_grid]: Symbol pin or wire end off connection grid
    ; warning
    @(166.37 mm, 225.425 mm): Horizontal Wire, length 4.445 mm
[endpoint_off_grid]: Symbol pin or wire end off connection grid
    ; warning
    @(171.45 mm, 81.915 mm): Symbol R81 Pin 2 [Passive, Line]
[endpoint_off_grid]: Symbol pin or wire end off connection grid
    ; warning
    @(173.355 mm, 81.915 mm): Symbol TP22 Pin 1 [1, Passive, Line]
[endpoint_off_grid]: Symbol pin or wire end off connection grid
    ; warning
    @(173.355 mm, 81.915 mm): Horizontal Wire, length 1.905 mm
[endpoint_off_grid]: Symbol pin or wire end off connection grid
    ; warning
    @(173.99 mm, 37.465 mm): Vertical Wire, length 2.54 mm
[endpoint_off_grid]: Symbol pin or wire end off connection grid
    ; warning
    @(173.99 mm, 37.465 mm): Symbol #PWR0169 Pin 1 [Power input, Line]
[endpoint_off_grid]: Symbol pin or wire end off connection grid
    ; warning
    @(173.99 mm, 40.005 mm): Vertical Wire, length 2.54 mm
[endpoint_off_grid]: Symbol pin or wire end off connection grid
    ; warning
    @(173.99 mm, 50.165 mm): Vertical Wire, length 3.175 mm
[endpoint_off_grid]: Symbol pin or wire end off connection grid
    ; warning
    @(173.99 mm, 50.165 mm): Symbol R82 Pin 2 [Passive, Line]
[endpoint_off_grid]: Symbol pin or wire end off connection grid
    ; warning
    @(175.26 mm, 81.915 mm): Symbol #PWR0171 Pin 1 [Power input, Line]
[endpoint_off_grid]: Symbol pin or wire end off connection grid
    ; warning
    @(175.26 mm, 81.915 mm): Horizontal Wire, length 1.905 mm
[endpoint_off_grid]: Symbol pin or wire end off connection grid
    ; warning
    @(177.165 mm, 231.775 mm): Vertical Wire, length 3.81 mm
[endpoint_off_grid]: Symbol pin or wire end off connection grid
    ; warning
    @(177.165 mm, 231.775 mm): Symbol #PWR0172 Pin 1 [Power input, Line]
[endpoint_off_grid]: Symbol pin or wire end off connection grid
    ; warning
    @(177.165 mm, 243.205 mm): Vertical Wire, length 2.54 mm
[endpoint_off_grid]: Symbol pin or wire end off connection grid
    ; warning
    @(177.165 mm, 243.205 mm): Symbol R84 Pin 2 [Passive, Line]
[endpoint_off_grid]: Symbol pin or wire end off connection grid
    ; warning
    @(177.165 mm, 250.19 mm): Vertical Wire, length 4.445 mm
[endpoint_off_grid]: Symbol pin or wire end off connection grid
    ; warning
    @(177.165 mm, 250.19 mm): Horizontal Wire, length 12.065 mm
[endpoint_off_grid]: Symbol pin or wire end off connection grid
    ; warning
    @(177.165 mm, 253.365 mm): Vertical Wire, length 3.175 mm
[endpoint_off_grid]: Symbol pin or wire end off connection grid
    ; warning
    @(177.165 mm, 253.365 mm): Symbol C37 Pin 2 [Passive, Line]
[endpoint_off_grid]: Symbol pin or wire end off connection grid
    ; warning
    @(177.165 mm, 260.985 mm): Vertical Wire, length 2.54 mm
[endpoint_off_grid]: Symbol pin or wire end off connection grid
    ; warning
    @(177.165 mm, 263.525 mm): Symbol #PWR0173 Pin 1 [Power input, Line]
[endpoint_off_grid]: Symbol pin or wire end off connection grid
    ; warning
    @(180.975 mm, 201.93 mm): Horizontal Wire, length 8.89 mm
[endpoint_off_grid]: Symbol pin or wire end off connection grid
    ; warning
    @(166.37 mm, 201.93 mm): Horizontal Wire, length 14.605 mm
[endpoint_off_grid]: Symbol pin or wire end off connection grid
    ; warning
    @(180.975 mm, 201.93 mm): Vertical Wire, length 1.905 mm
[endpoint_off_grid]: Symbol pin or wire end off connection grid
    ; warning
    @(180.975 mm, 211.455 mm): Symbol R85 Pin 2 [Passive, Line]
[endpoint_off_grid]: Symbol pin or wire end off connection grid
    ; warning
    @(180.975 mm, 217.17 mm): Vertical Wire, length 5.715 mm
[endpoint_off_grid]: Symbol pin or wire end off connection grid
    ; warning
    @(180.975 mm, 217.17 mm): Horizontal Wire, length 13.335 mm
[endpoint_off_grid]: Symbol pin or wire end off connection grid
    ; warning
    @(189.865 mm, 201.93 mm): Symbol #PWR0174 Pin 1 [Power input, Line]
[endpoint_off_grid]: Symbol pin or wire end off connection grid
    ; warning
    @(194.31 mm, 271.145 mm): Vertical Wire, length 1.905 mm
[endpoint_off_grid]: Symbol pin or wire end off connection grid
    ; warning
    @(194.31 mm, 271.145 mm): Symbol #PWR0176 Pin 1 [Power input, Line]
[endpoint_off_grid]: Symbol pin or wire end off connection grid
    ; warning
    @(243.205 mm, 29.845 mm): Symbol #PWR0177 Pin 1 [Power input, Line]
[endpoint_off_grid]: Symbol pin or wire end off connection grid
    ; warning
    @(243.205 mm, 29.845 mm): Vertical Wire, length 1.905 mm
[endpoint_off_grid]: Symbol pin or wire end off connection grid
    ; warning
    @(243.205 mm, 31.75 mm): Symbol FH2 Pin 2 [2, Unspecified, Line]
[endpoint_off_grid]: Symbol pin or wire end off connection grid
    ; warning
    @(243.205 mm, 43.815 mm): Vertical Wire, length 1.905 mm
[endpoint_off_grid]: Symbol pin or wire end off connection grid
    ; warning
    @(243.205 mm, 53.975 mm): Symbol D12 Pin 1 [C, Unspecified, Line]
[endpoint_off_grid]: Symbol pin or wire end off connection grid
    ; warning
    @(243.205 mm, 55.245 mm): Vertical Wire, length 1.27 mm
[endpoint_off_grid]: Symbol pin or wire end off connection grid
    ; warning
    @(243.205 mm, 55.245 mm): Horizontal Wire, length 12.70 mm
[endpoint_off_grid]: Symbol pin or wire end off connection grid
    ; warning
    @(255.905 mm, 55.245 mm): Horizontal Wire, length 13.97 mm
[endpoint_off_grid]: Symbol pin or wire end off connection grid
    ; warning
    @(255.905 mm, 56.515 mm): Symbol #PWR0178 Pin 1 [Power input, Line]
[endpoint_off_grid]: Symbol pin or wire end off connection grid
    ; warning
    @(255.905 mm, 56.515 mm): Vertical Wire, length 1.27 mm
[endpoint_off_grid]: Symbol pin or wire end off connection grid
    ; warning
    @(269.875 mm, 29.21 mm): Symbol #PWR0179 Pin 1 [Power input, Line]
[endpoint_off_grid]: Symbol pin or wire end off connection grid
    ; warning
    @(269.875 mm, 29.21 mm): Vertical Wire, length 2.54 mm
[endpoint_off_grid]: Symbol pin or wire end off connection grid
    ; warning
    @(269.875 mm, 31.75 mm): Symbol FH3 Pin 2 [2, Unspecified, Line]
[endpoint_off_grid]: Symbol pin or wire end off connection grid
    ; warning
    @(269.875 mm, 41.91 mm): Vertical Wire, length 1.905 mm
[endpoint_off_grid]: Symbol pin or wire end off connection grid
    ; warning
    @(269.875 mm, 53.975 mm): Symbol D13 Pin 1 [C, Unspecified, Line]
[endpoint_off_grid]: Symbol pin or wire end off connection grid
    ; warning
    @(269.875 mm, 55.245 mm): Vertical Wire, length 1.27 mm
[endpoint_off_grid]: Symbol pin or wire end off connection grid
    ; warning
    @(287.02 mm, 192.405 mm): Symbol #PWR0180 Pin 1 [Power input, Line]
[endpoint_off_grid]: Symbol pin or wire end off connection grid
    ; warning
    @(287.02 mm, 192.405 mm): Vertical Wire, length 2.54 mm
[endpoint_off_grid]: Symbol pin or wire end off connection grid
    ; warning
    @(287.02 mm, 194.945 mm): Vertical Wire, length 1.905 mm
[endpoint_off_grid]: Symbol pin or wire end off connection grid
    ; warning
    @(287.02 mm, 194.945 mm): Horizontal Wire, length 9.525 mm
[endpoint_off_grid]: Symbol pin or wire end off connection grid
    ; warning
    @(287.02 mm, 206.375 mm): Vertical Wire, length 1.905 mm
[endpoint_off_grid]: Symbol pin or wire end off connection grid
    ; warning
    @(287.02 mm, 215.90 mm): Vertical Wire, length 1.905 mm
[endpoint_off_grid]: Symbol pin or wire end off connection grid
    ; warning
    @(287.02 mm, 213.995 mm): Symbol R122 Pin 2 [Passive, Line]
[endpoint_off_grid]: Symbol pin or wire end off connection grid
    ; warning
    @(287.02 mm, 223.52 mm): Vertical Wire, length 1.905 mm
[endpoint_off_grid]: Symbol pin or wire end off connection grid
    ; warning
    @(287.02 mm, 225.425 mm): Vertical Wire, length 2.54 mm
[endpoint_off_grid]: Symbol pin or wire end off connection grid
    ; warning
    @(287.02 mm, 235.585 mm): Symbol R87 Pin 2 [Passive, Line]
[endpoint_off_grid]: Symbol pin or wire end off connection grid
    ; warning
    @(287.02 mm, 237.49 mm): Vertical Wire, length 1.905 mm
[endpoint_off_grid]: Symbol pin or wire end off connection grid
    ; warning
    @(295.91 mm, 225.425 mm): Horizontal Wire, length 8.89 mm
[endpoint_off_grid]: Symbol pin or wire end off connection grid
    ; warning
    @(296.545 mm, 182.245 mm): Vertical Wire, length 2.54 mm
[endpoint_off_grid]: Symbol pin or wire end off connection grid
    ; warning
    @(296.545 mm, 192.405 mm): Vertical Wire, length 2.54 mm
[endpoint_off_grid]: Symbol pin or wire end off connection grid
    ; warning
    @(296.545 mm, 192.405 mm): Symbol R88 Pin 2 [Passive, Line]
[endpoint_off_grid]: Symbol pin or wire end off connection grid
    ; warning
    @(296.545 mm, 194.945 mm): Horizontal Wire, length 15.875 mm
[endpoint_off_grid]: Symbol pin or wire end off connection grid
    ; warning
    @(303.53 mm, 200.025 mm): Horizontal Wire, length 8.89 mm
[endpoint_off_grid]: Symbol pin or wire end off connection grid
    ; warning
    @(303.53 mm, 202.565 mm): Horizontal Wire, length 8.89 mm
[endpoint_off_grid]: Symbol pin or wire end off connection grid
    ; warning
    @(304.165 mm, 239.395 mm): Symbol #PWR0182 Pin 1 [Power input, Line]
[endpoint_off_grid]: Symbol pin or wire end off connection grid
    ; warning
    @(304.165 mm, 239.395 mm): Horizontal Wire, length 1.27 mm
[endpoint_off_grid]: Symbol pin or wire end off connection grid
    ; warning
    @(304.80 mm, 182.245 mm): Horizontal Wire, length 8.255 mm
[endpoint_off_grid]: Symbol pin or wire end off connection grid
    ; warning
    @(305.435 mm, 239.395 mm): Symbol TP23 Pin 1 [1, Passive, Line]
[endpoint_off_grid]: Symbol pin or wire end off connection grid
    ; warning
    @(305.435 mm, 239.395 mm): Horizontal Wire, length 1.905 mm
[endpoint_off_grid]: Symbol pin or wire end off connection grid
    ; warning
    @(309.245 mm, 212.725 mm): Horizontal Wire, length 3.175 mm
[endpoint_off_grid]: Symbol pin or wire end off connection grid
    ; warning
    @(309.245 mm, 212.725 mm): Symbol #PWR0183 Pin 1 [Power input, Line]
[endpoint_off_grid]: Symbol pin or wire end off connection grid
    ; warning
    @(312.42 mm, 207.645 mm): Symbol U17 Pin 6 [NC, Unspecified, Line]
[endpoint_off_grid]: Symbol pin or wire end off connection grid
    ; warning
    @(314.96 mm, 239.395 mm): Symbol D14 Pin 1 [K, Passive, Line]
[endpoint_off_grid]: Symbol pin or wire end off connection grid
    ; warning
    @(317.50 mm, 239.395 mm): Horizontal Wire, length 2.54 mm
[endpoint_off_grid]: Symbol pin or wire end off connection grid
    ; warning
    @(325.12 mm, 239.395 mm): Symbol R89 Pin 2 [Passive, Line]
[endpoint_off_grid]: Symbol pin or wire end off connection grid
    ; warning
    @(327.025 mm, 239.395 mm): Symbol TP24 Pin 1 [1, Passive, Line]
[endpoint_off_grid]: Symbol pin or wire end off connection grid
    ; warning
    @(327.025 mm, 239.395 mm): Horizontal Wire, length 1.905 mm
[endpoint_off_grid]: Symbol pin or wire end off connection grid
    ; warning
    @(328.93 mm, 239.395 mm): Horizontal Wire, length 1.905 mm
[endpoint_off_grid]: Symbol pin or wire end off connection grid
    ; warning
    @(328.93 mm, 239.395 mm): Symbol #PWR0184 Pin 1 [Power input, Line]
[endpoint_off_grid]: Symbol pin or wire end off connection grid
    ; warning
    @(335.28 mm, 197.485 mm): Horizontal Wire, length 1.905 mm
[endpoint_off_grid]: Symbol pin or wire end off connection grid
    ; warning
    @(335.28 mm, 200.025 mm): Horizontal Wire, length 3.81 mm
[endpoint_off_grid]: Symbol pin or wire end off connection grid
    ; warning
    @(335.28 mm, 202.565 mm): Horizontal Wire, length 1.905 mm
[endpoint_off_grid]: Symbol pin or wire end off connection grid
    ; warning
    @(335.28 mm, 205.105 mm): Horizontal Wire, length 1.905 mm
[endpoint_off_grid]: Symbol pin or wire end off connection grid
    ; warning
    @(335.28 mm, 207.645 mm): Horizontal Wire, length 1.905 mm
[endpoint_off_grid]: Symbol pin or wire end off connection grid
    ; warning
    @(335.28 mm, 212.725 mm): Horizontal Wire, length 10.795 mm
[endpoint_off_grid]: Symbol pin or wire end off connection grid
    ; warning
    @(337.185 mm, 194.945 mm): Horizontal Wire, length 1.905 mm
[endpoint_off_grid]: Symbol pin or wire end off connection grid
    ; warning
    @(337.185 mm, 196.215 mm): Vertical Wire, length 1.27 mm
[endpoint_off_grid]: Symbol pin or wire end off connection grid
    ; warning
    @(337.185 mm, 196.215 mm): Vertical Wire, length 1.27 mm
[endpoint_off_grid]: Symbol pin or wire end off connection grid
    ; warning
    @(337.185 mm, 202.565 mm): Vertical Wire, length 2.54 mm
[endpoint_off_grid]: Symbol pin or wire end off connection grid
    ; warning
    @(337.185 mm, 205.105 mm): Vertical Wire, length 2.54 mm
[endpoint_off_grid]: Symbol pin or wire end off connection grid
    ; warning
    @(337.185 mm, 207.645 mm): Vertical Wire, length 2.54 mm
[endpoint_off_grid]: Symbol pin or wire end off connection grid
    ; warning
    @(337.185 mm, 210.185 mm): Horizontal Wire, length 1.905 mm
[endpoint_off_grid]: Symbol pin or wire end off connection grid
    ; warning
    @(337.185 mm, 215.265 mm): Symbol #PWR0186 Pin 1 [Power input, Line]
[endpoint_off_grid]: Symbol pin or wire end off connection grid
    ; warning
    @(337.185 mm, 215.265 mm): Horizontal Wire, length 1.905 mm
[endpoint_off_grid]: Symbol pin or wire end off connection grid
    ; warning
    @(338.455 mm, 192.405 mm): Horizontal Wire, length 3.175 mm
[endpoint_off_grid]: Symbol pin or wire end off connection grid
    ; warning
    @(338.455 mm, 192.405 mm): Symbol #PWR0187 Pin 1 [Power input, Line]
[endpoint_off_grid]: Symbol pin or wire end off connection grid
    ; warning
    @(338.455 mm, 205.105 mm): Symbol #PWR0188 Pin 1 [Power input, Line]
[endpoint_off_grid]: Symbol pin or wire end off connection grid
    ; warning
    @(338.455 mm, 205.105 mm): Horizontal Wire, length 1.27 mm
[endpoint_off_grid]: Symbol pin or wire end off connection grid
    ; warning
    @(339.09 mm, 200.025 mm): Symbol #PWR0189 Pin 1 [Power input, Line]
[endpoint_off_grid]: Symbol pin or wire end off connection grid
    ; warning
    @(346.075 mm, 212.725 mm): Vertical Wire, length 1.27 mm
[endpoint_off_grid]: Symbol pin or wire end off connection grid
    ; warning
    @(346.075 mm, 213.995 mm): Symbol C38 Pin 2 [Passive, Line]
[endpoint_off_grid]: Symbol pin or wire end off connection grid
    ; warning
    @(346.075 mm, 223.52 mm): Symbol #PWR0191 Pin 1 [Power input, Line]
[endpoint_off_grid]: Symbol pin or wire end off connection grid
    ; warning
    @(346.075 mm, 223.52 mm): Vertical Wire, length 1.905 mm
[endpoint_off_grid]: Symbol pin or wire end off connection grid
    ; warning
    @(347.98 mm, 99.695 mm): Symbol TP25 Pin 1 [1, Passive, Line]
[endpoint_off_grid]: Symbol pin or wire end off connection grid
    ; warning
    @(347.98 mm, 96.52 mm): Vertical Wire, length 3.175 mm
[endpoint_off_grid]: Symbol pin or wire end off connection grid
    ; warning
    @(352.425 mm, 38.10 mm): Vertical Wire, length 5.08 mm
[endpoint_off_grid]: Symbol pin or wire end off connection grid
    ; warning
    @(352.425 mm, 38.10 mm): Symbol #PWR0192 Pin 1 [Power input, Line]
[endpoint_off_grid]: Symbol pin or wire end off connection grid
    ; warning
    @(340.36 mm, 43.18 mm): Horizontal Wire, length 12.065 mm
[endpoint_off_grid]: Symbol pin or wire end off connection grid
    ; warning
    @(356.87 mm, 198.12 mm): Vertical Wire, length 1.905 mm
[endpoint_off_grid]: Symbol pin or wire end off connection grid
    ; warning
    @(356.87 mm, 196.215 mm): Horizontal Wire, length 19.685 mm
[endpoint_off_grid]: Symbol pin or wire end off connection grid
    ; warning
    @(356.87 mm, 207.645 mm): Symbol #PWR0193 Pin 1 [Power input, Line]
[endpoint_off_grid]: Symbol pin or wire end off connection grid
    ; warning
    @(356.87 mm, 207.645 mm): Vertical Wire, length 1.905 mm
[endpoint_off_grid]: Symbol pin or wire end off connection grid
    ; warning
    @(358.14 mm, 93.345 mm): Vertical Wire, length 3.175 mm
[endpoint_off_grid]: Symbol pin or wire end off connection grid
    ; warning
    @(358.14 mm, 93.345 mm): Symbol #PWR0196 Pin 1 [Power input, Line]
[endpoint_off_grid]: Symbol pin or wire end off connection grid
    ; warning
    @(358.14 mm, 96.52 mm): Vertical Wire, length 3.175 mm
[endpoint_off_grid]: Symbol pin or wire end off connection grid
    ; warning
    @(358.14 mm, 99.695 mm): Symbol TP27 Pin 1 [1, Passive, Line]
[endpoint_off_grid]: Symbol pin or wire end off connection grid
    ; warning
    @(367.665 mm, 196.215 mm): Horizontal Wire, length 10.795 mm
[endpoint_off_grid]: Symbol pin or wire end off connection grid
    ; warning
    @(367.665 mm, 198.12 mm): Vertical Wire, length 1.905 mm
[endpoint_off_grid]: Symbol pin or wire end off connection grid
    ; warning
    @(367.665 mm, 198.12 mm): Symbol C40 Pin 2 [Passive, Line]
[endpoint_off_grid]: Symbol pin or wire end off connection grid
    ; warning
    @(367.665 mm, 205.74 mm): Vertical Wire, length 1.905 mm
[endpoint_off_grid]: Symbol pin or wire end off connection grid
    ; warning
    @(367.665 mm, 207.645 mm): Symbol #PWR0195 Pin 1 [Power input, Line]
[endpoint_off_grid]: Symbol pin or wire end off connection grid
    ; warning
    @(368.30 mm, 99.695 mm): Symbol TP29 Pin 1 [1, Passive, Line]
[endpoint_off_grid]: Symbol pin or wire end off connection grid
    ; warning
    @(368.30 mm, 96.52 mm): Vertical Wire, length 3.175 mm
[endpoint_off_grid]: Symbol pin or wire end off connection grid
    ; warning
    @(376.555 mm, 196.215 mm): Horizontal Wire, length 8.89 mm
[endpoint_off_grid]: Symbol pin or wire end off connection grid
    ; warning
    @(376.555 mm, 196.215 mm): Symbol #PWR0198 Pin 1 [Power input, Line]
[endpoint_off_grid]: Symbol pin or wire end off connection grid
    ; warning
    @(368.30 mm, 96.52 mm): Horizontal Wire, length 9.525 mm
[endpoint_off_grid]: Symbol pin or wire end off connection grid
    ; warning
    @(377.825 mm, 96.52 mm): Vertical Wire, length 3.175 mm
[endpoint_off_grid]: Symbol pin or wire end off connection grid
    ; warning
    @(377.825 mm, 99.695 mm): Symbol TP31 Pin 1 [1, Passive, Line]
[endpoint_off_grid]: Symbol pin or wire end off connection grid
    ; warning
    @(377.825 mm, 113.03 mm): Symbol TP32 Pin 1 [1, Passive, Line]
[endpoint_off_grid]: Symbol pin or wire end off connection grid
    ; warning
    @(377.825 mm, 117.475 mm): Vertical Wire, length 4.445 mm
[endpoint_off_grid]: Symbol pin or wire end off connection grid
    ; warning
    @(387.985 mm, 117.475 mm): Horizontal Wire, length 10.16 mm
[endpoint_off_grid]: Symbol pin or wire end off connection grid
    ; warning
    @(391.795 mm, 212.09 mm): Vertical Wire, length 1.905 mm
[endpoint_off_grid]: Symbol pin or wire end off connection grid
    ; warning
    @(391.795 mm, 212.09 mm): Symbol #PWR0200 Pin 1 [Power input, Line]
[endpoint_off_grid]: Symbol pin or wire end off connection grid
    ; warning
    @(391.795 mm, 213.995 mm): Symbol C41 Pin 2 [Passive, Line]
[endpoint_off_grid]: Symbol pin or wire end off connection grid
    ; warning
    @(391.795 mm, 223.52 mm): Vertical Wire, length 1.905 mm
[endpoint_off_grid]: Symbol pin or wire end off connection grid
    ; warning
    @(391.795 mm, 223.52 mm): Symbol #PWR0201 Pin 1 [Power input, Line]
[endpoint_off_grid]: Symbol pin or wire end off connection grid
    ; warning
    @(20.574 mm, 159.512 mm): Horizontal Wire, length 6.985 mm
[endpoint_off_grid]: Symbol pin or wire end off connection grid
    ; warning
    @(20.701 mm, 257.429 mm): Horizontal Wire, length 6.985 mm
[endpoint_off_grid]: Symbol pin or wire end off connection grid
    ; warning
    @(23.114 mm, 133.477 mm): Horizontal Wire, length 6.985 mm
[endpoint_off_grid]: Symbol pin or wire end off connection grid
    ; warning
    @(23.114 mm, 134.747 mm): Vertical Wire, length 1.27 mm
[endpoint_off_grid]: Symbol pin or wire end off connection grid
    ; warning
    @(23.114 mm, 142.367 mm): Symbol R1 Pin 2 [Passive, Line]
[endpoint_off_grid]: Symbol pin or wire end off connection grid
    ; warning
    @(23.114 mm, 143.891 mm): Symbol #PWR01 Pin 1 [Power input, Line]
[endpoint_off_grid]: Symbol pin or wire end off connection grid
    ; warning
    @(23.114 mm, 143.891 mm): Vertical Wire, length 1.524 mm
[endpoint_off_grid]: Symbol pin or wire end off connection grid
    ; warning
    @(23.241 mm, 231.394 mm): Horizontal Wire, length 6.985 mm
[endpoint_off_grid]: Symbol pin or wire end off connection grid
    ; warning
    @(23.241 mm, 232.664 mm): Vertical Wire, length 1.27 mm
[endpoint_off_grid]: Symbol pin or wire end off connection grid
    ; warning
    @(23.241 mm, 240.284 mm): Symbol R2 Pin 2 [Passive, Line]
[endpoint_off_grid]: Symbol pin or wire end off connection grid
    ; warning
    @(23.241 mm, 241.808 mm): Vertical Wire, length 1.524 mm
[endpoint_off_grid]: Symbol pin or wire end off connection grid
    ; warning
    @(23.241 mm, 241.808 mm): Symbol #PWR02 Pin 1 [Power input, Line]
[endpoint_off_grid]: Symbol pin or wire end off connection grid
    ; warning
    @(23.749 mm, 113.792 mm): Horizontal Wire, length 6.985 mm
[endpoint_off_grid]: Symbol pin or wire end off connection grid
    ; warning
    @(23.749 mm, 115.062 mm): Vertical Wire, length 1.27 mm
[endpoint_off_grid]: Symbol pin or wire end off connection grid
    ; warning
    @(23.749 mm, 122.682 mm): Symbol R3 Pin 2 [Passive, Line]
[endpoint_off_grid]: Symbol pin or wire end off connection grid
    ; warning
    @(23.749 mm, 124.206 mm): Symbol #PWR03 Pin 1 [Power input, Line]
[endpoint_off_grid]: Symbol pin or wire end off connection grid
    ; warning
    @(23.749 mm, 124.206 mm): Vertical Wire, length 1.524 mm
[endpoint_off_grid]: Symbol pin or wire end off connection grid
    ; warning
    @(23.876 mm, 211.709 mm): Horizontal Wire, length 6.985 mm
[endpoint_off_grid]: Symbol pin or wire end off connection grid
    ; warning
    @(23.876 mm, 212.979 mm): Vertical Wire, length 1.27 mm
[endpoint_off_grid]: Symbol pin or wire end off connection grid
    ; warning
    @(23.876 mm, 220.599 mm): Symbol R4 Pin 2 [Passive, Line]
[endpoint_off_grid]: Symbol pin or wire end off connection grid
    ; warning
    @(23.876 mm, 222.123 mm): Symbol #PWR04 Pin 1 [Power input, Line]
[endpoint_off_grid]: Symbol pin or wire end off connection grid
    ; warning
    @(23.876 mm, 222.123 mm): Vertical Wire, length 1.524 mm
[endpoint_off_grid]: Symbol pin or wire end off connection grid
    ; warning
    @(24.384 mm, 94.107 mm): Horizontal Wire, length 6.985 mm
[endpoint_off_grid]: Symbol pin or wire end off connection grid
    ; warning
    @(24.384 mm, 95.377 mm): Vertical Wire, length 1.27 mm
[endpoint_off_grid]: Symbol pin or wire end off connection grid
    ; warning
    @(24.384 mm, 102.997 mm): Symbol R5 Pin 2 [Passive, Line]
[endpoint_off_grid]: Symbol pin or wire end off connection grid
    ; warning
    @(24.384 mm, 104.521 mm): Vertical Wire, length 1.524 mm
[endpoint_off_grid]: Symbol pin or wire end off connection grid
    ; warning
    @(24.384 mm, 104.521 mm): Symbol #PWR05 Pin 1 [Power input, Line]
[endpoint_off_grid]: Symbol pin or wire end off connection grid
    ; warning
    @(24.511 mm, 192.024 mm): Horizontal Wire, length 6.985 mm
[endpoint_off_grid]: Symbol pin or wire end off connection grid
    ; warning
    @(24.511 mm, 193.294 mm): Vertical Wire, length 1.27 mm
[endpoint_off_grid]: Symbol pin or wire end off connection grid
    ; warning
    @(24.511 mm, 200.914 mm): Symbol R6 Pin 2 [Passive, Line]
[endpoint_off_grid]: Symbol pin or wire end off connection grid
    ; warning
    @(24.511 mm, 202.438 mm): Symbol #PWR06 Pin 1 [Power input, Line]
[endpoint_off_grid]: Symbol pin or wire end off connection grid
    ; warning
    @(24.511 mm, 202.438 mm): Vertical Wire, length 1.524 mm
[endpoint_off_grid]: Symbol pin or wire end off connection grid
    ; warning
    @(27.559 mm, 159.512 mm): Horizontal Wire, length 3.81 mm
[endpoint_off_grid]: Symbol pin or wire end off connection grid
    ; warning
    @(27.559 mm, 159.512 mm): Vertical Wire, length 1.905 mm
[endpoint_off_grid]: Symbol pin or wire end off connection grid
    ; warning
    @(27.559 mm, 169.037 mm): Vertical Wire, length 1.27 mm
[endpoint_off_grid]: Symbol pin or wire end off connection grid
    ; warning
    @(27.559 mm, 169.037 mm): Symbol R7 Pin 2 [Passive, Line]
[endpoint_off_grid]: Symbol pin or wire end off connection grid
    ; warning
    @(27.559 mm, 170.307 mm): Symbol #PWR07 Pin 1 [Power input, Line]
[endpoint_off_grid]: Symbol pin or wire end off connection grid
    ; warning
    @(27.686 mm, 257.429 mm): Vertical Wire, length 1.905 mm
[endpoint_off_grid]: Symbol pin or wire end off connection grid
    ; warning
    @(27.686 mm, 257.429 mm): Horizontal Wire, length 3.81 mm
[endpoint_off_grid]: Symbol pin or wire end off connection grid
    ; warning
    @(27.686 mm, 266.954 mm): Vertical Wire, length 1.27 mm
[endpoint_off_grid]: Symbol pin or wire end off connection grid
    ; warning
    @(27.686 mm, 266.954 mm): Symbol R8 Pin 2 [Passive, Line]
[endpoint_off_grid]: Symbol pin or wire end off connection grid
    ; warning
    @(27.686 mm, 268.224 mm): Symbol #PWR08 Pin 1 [Power input, Line]
[endpoint_off_grid]: Symbol pin or wire end off connection grid
    ; warning
    @(34.925 mm, 34.925 mm): Horizontal Wire, length 13.335 mm
[endpoint_off_grid]: Symbol pin or wire end off connection grid
    ; warning
    @(37.084 mm, 93.98 mm): Horizontal Wire, length 8.128 mm
[endpoint_off_grid]: Symbol pin or wire end off connection grid
    ; warning
    @(37.084 mm, 95.25 mm): Vertical Wire, length 1.27 mm
[endpoint_off_grid]: Symbol pin or wire end off connection grid
    ; warning
    @(37.084 mm, 102.87 mm): Symbol R11 Pin 2 [Passive, Line]
[endpoint_off_grid]: Symbol pin or wire end off connection grid
    ; warning
    @(37.084 mm, 104.394 mm): Symbol #PWR09 Pin 1 [Power input, Line]
[endpoint_off_grid]: Symbol pin or wire end off connection grid
    ; warning
    @(37.084 mm, 104.394 mm): Vertical Wire, length 1.524 mm
[endpoint_off_grid]: Symbol pin or wire end off connection grid
    ; warning
    @(37.084 mm, 116.332 mm): Symbol #PWR010 Pin 1 [Power input, Line]
[endpoint_off_grid]: Symbol pin or wire end off connection grid
    ; warning
    @(37.084 mm, 116.332 mm): Vertical Wire, length 1.27 mm
[endpoint_off_grid]: Symbol pin or wire end off connection grid
    ; warning
    @(37.084 mm, 125.222 mm): Symbol R12 Pin 2 [Passive, Line]
[endpoint_off_grid]: Symbol pin or wire end off connection grid
    ; warning
    @(37.084 mm, 127.762 mm): Vertical Wire, length 2.54 mm
[endpoint_off_grid]: Symbol pin or wire end off connection grid
    ; warning
    @(37.084 mm, 133.477 mm): Horizontal Wire, length 6.985 mm
[endpoint_off_grid]: Symbol pin or wire end off connection grid
    ; warning
    @(37.084 mm, 134.747 mm): Vertical Wire, length 1.27 mm
[endpoint_off_grid]: Symbol pin or wire end off connection grid
    ; warning
    @(37.084 mm, 142.367 mm): Symbol R13 Pin 2 [Passive, Line]
[endpoint_off_grid]: Symbol pin or wire end off connection grid
    ; warning
    @(37.084 mm, 143.891 mm): Vertical Wire, length 1.524 mm
[endpoint_off_grid]: Symbol pin or wire end off connection grid
    ; warning
    @(37.084 mm, 143.891 mm): Symbol #PWR011 Pin 1 [Power input, Line]
[endpoint_off_grid]: Symbol pin or wire end off connection grid
    ; warning
    @(37.211 mm, 191.897 mm): Horizontal Wire, length 8.128 mm
[endpoint_off_grid]: Symbol pin or wire end off connection grid
    ; warning
    @(37.211 mm, 193.167 mm): Vertical Wire, length 1.27 mm
[endpoint_off_grid]: Symbol pin or wire end off connection grid
    ; warning
    @(37.211 mm, 200.787 mm): Symbol R14 Pin 2 [Passive, Line]
[endpoint_off_grid]: Symbol pin or wire end off connection grid
    ; warning
    @(37.211 mm, 202.311 mm): Symbol #PWR012 Pin 1 [Power input, Line]
[endpoint_off_grid]: Symbol pin or wire end off connection grid
    ; warning
    @(37.211 mm, 202.311 mm): Vertical Wire, length 1.524 mm
[endpoint_off_grid]: Symbol pin or wire end off connection grid
    ; warning
    @(37.211 mm, 214.249 mm): Symbol #PWR013 Pin 1 [Power input, Line]
[endpoint_off_grid]: Symbol pin or wire end off connection grid
    ; warning
    @(37.211 mm, 214.249 mm): Vertical Wire, length 1.27 mm
[endpoint_off_grid]: Symbol pin or wire end off connection grid
    ; warning
    @(37.211 mm, 223.139 mm): Symbol R15 Pin 2 [Passive, Line]
[endpoint_off_grid]: Symbol pin or wire end off connection grid
    ; warning
    @(37.211 mm, 225.679 mm): Vertical Wire, length 2.54 mm
[endpoint_off_grid]: Symbol pin or wire end off connection grid
    ; warning
    @(37.211 mm, 231.394 mm): Horizontal Wire, length 6.985 mm
[endpoint_off_grid]: Symbol pin or wire end off connection grid
    ; warning
    @(37.211 mm, 232.664 mm): Vertical Wire, length 1.27 mm
[endpoint_off_grid]: Symbol pin or wire end off connection grid
    ; warning
    @(37.211 mm, 240.284 mm): Symbol R16 Pin 2 [Passive, Line]
[endpoint_off_grid]: Symbol pin or wire end off connection grid
    ; warning
    @(37.211 mm, 241.808 mm): Vertical Wire, length 1.524 mm
[endpoint_off_grid]: Symbol pin or wire end off connection grid
    ; warning
    @(37.211 mm, 241.808 mm): Symbol #PWR014 Pin 1 [Power input, Line]
[endpoint_off_grid]: Symbol pin or wire end off connection grid
    ; warning
    @(38.989 mm, 159.512 mm): Symbol R9 Pin 2 [Passive, Line]
[endpoint_off_grid]: Symbol pin or wire end off connection grid
    ; warning
    @(38.989 mm, 159.512 mm): Horizontal Wire, length 3.81 mm
[endpoint_off_grid]: Symbol pin or wire end off connection grid
    ; warning
    @(39.116 mm, 257.429 mm): Horizontal Wire, length 3.81 mm
[endpoint_off_grid]: Symbol pin or wire end off connection grid
    ; warning
    @(39.116 mm, 257.429 mm): Symbol R10 Pin 2 [Passive, Line]
[endpoint_off_grid]: Symbol pin or wire end off connection grid
    ; warning
    @(40.64 mm, 42.545 mm): Horizontal Wire, length 7.62 mm
[endpoint_off_grid]: Symbol pin or wire end off connection grid
    ; warning
    @(40.64 mm, 45.085 mm): Horizontal Wire, length 7.62 mm
[endpoint_off_grid]: Symbol pin or wire end off connection grid
    ; warning
    @(40.64 mm, 47.625 mm): Horizontal Wire, length 7.62 mm
[endpoint_off_grid]: Symbol pin or wire end off connection grid
    ; warning
    @(40.64 mm, 50.165 mm): Horizontal Wire, length 7.62 mm
[endpoint_off_grid]: Symbol pin or wire end off connection grid
    ; warning
    @(40.64 mm, 52.705 mm): Horizontal Wire, length 7.62 mm
[endpoint_off_grid]: Symbol pin or wire end off connection grid
    ; warning
    @(40.64 mm, 55.245 mm): Horizontal Wire, length 7.62 mm
[endpoint_off_grid]: Symbol pin or wire end off connection grid
    ; warning
    @(40.64 mm, 57.785 mm): Horizontal Wire, length 7.62 mm
[endpoint_off_grid]: Symbol pin or wire end off connection grid
    ; warning
    @(40.64 mm, 60.325 mm): Horizontal Wire, length 7.62 mm
[endpoint_off_grid]: Symbol pin or wire end off connection grid
    ; warning
    @(42.545 mm, 37.465 mm): Symbol #PWR015 Pin 1 [Power input, Line]
[endpoint_off_grid]: Symbol pin or wire end off connection grid
    ; warning
    @(42.545 mm, 37.465 mm): Horizontal Wire, length 2.54 mm
[endpoint_off_grid]: Symbol pin or wire end off connection grid
    ; warning
    @(42.799 mm, 159.512 mm): Vertical Wire, length 1.905 mm
[endpoint_off_grid]: Symbol pin or wire end off connection grid
    ; warning
    @(42.799 mm, 159.512 mm): Horizontal Wire, length 7.62 mm
[endpoint_off_grid]: Symbol pin or wire end off connection grid
    ; warning
    @(42.799 mm, 169.037 mm): Vertical Wire, length 1.27 mm
[endpoint_off_grid]: Symbol pin or wire end off connection grid
    ; warning
    @(42.799 mm, 169.037 mm): Symbol C1 Pin 2 [Passive, Line]
[endpoint_off_grid]: Symbol pin or wire end off connection grid
    ; warning
    @(42.799 mm, 170.307 mm): Symbol #PWR016 Pin 1 [Power input, Line]
[endpoint_off_grid]: Symbol pin or wire end off connection grid
    ; warning
    @(42.926 mm, 257.429 mm): Vertical Wire, length 1.905 mm
[endpoint_off_grid]: Symbol pin or wire end off connection grid
    ; warning
    @(42.926 mm, 257.429 mm): Horizontal Wire, length 7.62 mm
[endpoint_off_grid]: Symbol pin or wire end off connection grid
    ; warning
    @(42.926 mm, 266.954 mm): Symbol C2 Pin 2 [Passive, Line]
[endpoint_off_grid]: Symbol pin or wire end off connection grid
    ; warning
    @(42.926 mm, 266.954 mm): Vertical Wire, length 1.27 mm
[endpoint_off_grid]: Symbol pin or wire end off connection grid
    ; warning
    @(42.926 mm, 268.224 mm): Symbol #PWR017 Pin 1 [Power input, Line]
[endpoint_off_grid]: Symbol pin or wire end off connection grid
    ; warning
    @(43.18 mm, 62.865 mm): Horizontal Wire, length 5.08 mm
[endpoint_off_grid]: Symbol pin or wire end off connection grid
    ; warning
    @(43.18 mm, 62.865 mm): Symbol #PWR018 Pin 1 [Power input, Line]
[endpoint_off_grid]: Symbol pin or wire end off connection grid
    ; warning
    @(45.085 mm, 37.465 mm): Horizontal Wire, length 3.175 mm
[endpoint_off_grid]: Symbol pin or wire end off connection grid
    ; warning
    @(45.085 mm, 37.465 mm): Vertical Wire, length 2.54 mm
[endpoint_off_grid]: Symbol pin or wire end off connection grid
    ; warning
    @(45.085 mm, 40.005 mm): Horizontal Wire, length 3.175 mm
[endpoint_off_grid]: Symbol pin or wire end off connection grid
    ; warning
    @(45.339 mm, 127.762 mm): Horizontal Wire, length 8.255 mm
[endpoint_off_grid]: Symbol pin or wire end off connection grid
    ; warning
    @(45.466 mm, 225.679 mm): Horizontal Wire, length 8.255 mm
[endpoint_off_grid]: Symbol pin or wire end off connection grid
    ; warning
    @(48.26 mm, 50.165 mm): Symbol U1 Pin 7 [P03, Unspecified, Line]
[endpoint_off_grid]: Symbol pin or wire end off connection grid
    ; warning
    @(50.292 mm, 93.98 mm): Horizontal Wire, length 8.128 mm
[endpoint_off_grid]: Symbol pin or wire end off connection grid
    ; warning
    @(50.292 mm, 95.504 mm): Vertical Wire, length 1.524 mm
[endpoint_off_grid]: Symbol pin or wire end off connection grid
    ; warning
    @(50.292 mm, 103.124 mm): Symbol R17 Pin 2 [Passive, Line]
[endpoint_off_grid]: Symbol pin or wire end off connection grid
    ; warning
    @(50.292 mm, 104.394 mm): Vertical Wire, length 1.27 mm
[endpoint_off_grid]: Symbol pin or wire end off connection grid
    ; warning
    @(50.292 mm, 104.394 mm): Symbol #PWR019 Pin 1 [Power input, Line]
[endpoint_off_grid]: Symbol pin or wire end off connection grid
    ; warning
    @(50.419 mm, 116.332 mm): Vertical Wire, length 1.27 mm
[endpoint_off_grid]: Symbol pin or wire end off connection grid
    ; warning
    @(50.419 mm, 116.332 mm): Symbol #PWR020 Pin 1 [Power input, Line]
[endpoint_off_grid]: Symbol pin or wire end off connection grid
    ; warning
    @(50.419 mm, 125.222 mm): Symbol R18 Pin 2 [Passive, Line]
[endpoint_off_grid]: Symbol pin or wire end off connection grid
    ; warning
    @(50.419 mm, 127.762 mm): Vertical Wire, length 2.54 mm
[endpoint_off_grid]: Symbol pin or wire end off connection grid
    ; warning
    @(50.419 mm, 134.874 mm): Symbol #PWR021 Pin 1 [Power input, Line]
[endpoint_off_grid]: Symbol pin or wire end off connection grid
    ; warning
    @(50.419 mm, 134.874 mm): Vertical Wire, length 1.27 mm
[endpoint_off_grid]: Symbol pin or wire end off connection grid
    ; warning
    @(50.419 mm, 143.764 mm): Symbol R19 Pin 2 [Passive, Line]
[endpoint_off_grid]: Symbol pin or wire end off connection grid
    ; warning
    @(50.419 mm, 146.685 mm): Horizontal Wire, length 9.906 mm
[endpoint_off_grid]: Symbol pin or wire end off connection grid
    ; warning
    @(50.419 mm, 146.685 mm): Vertical Wire, length 2.921 mm
[endpoint_off_grid]: Symbol pin or wire end off connection grid
    ; warning
    @(50.419 mm, 191.897 mm): Horizontal Wire, length 8.128 mm
[endpoint_off_grid]: Symbol pin or wire end off connection grid
    ; warning
    @(50.419 mm, 193.421 mm): Vertical Wire, length 1.524 mm
[endpoint_off_grid]: Symbol pin or wire end off connection grid
    ; warning
    @(50.419 mm, 201.041 mm): Symbol R20 Pin 2 [Passive, Line]
[endpoint_off_grid]: Symbol pin or wire end off connection grid
    ; warning
    @(50.419 mm, 202.311 mm): Vertical Wire, length 1.27 mm
[endpoint_off_grid]: Symbol pin or wire end off connection grid
    ; warning
    @(50.419 mm, 202.311 mm): Symbol #PWR022 Pin 1 [Power input, Line]
[endpoint_off_grid]: Symbol pin or wire end off connection grid
    ; warning
    @(50.546 mm, 214.249 mm): Symbol #PWR023 Pin 1 [Power input, Line]
[endpoint_off_grid]: Symbol pin or wire end off connection grid
    ; warning
    @(50.546 mm, 214.249 mm): Vertical Wire, length 1.27 mm
[endpoint_off_grid]: Symbol pin or wire end off connection grid
    ; warning
    @(50.546 mm, 223.139 mm): Symbol R21 Pin 2 [Passive, Line]
[endpoint_off_grid]: Symbol pin or wire end off connection grid
    ; warning
    @(50.546 mm, 225.679 mm): Vertical Wire, length 2.54 mm
[endpoint_off_grid]: Symbol pin or wire end off connection grid
    ; warning
    @(50.546 mm, 232.791 mm): Symbol #PWR024 Pin 1 [Power input, Line]
[endpoint_off_grid]: Symbol pin or wire end off connection grid
    ; warning
    @(50.546 mm, 232.791 mm): Vertical Wire, length 1.27 mm
[endpoint_off_grid]: Symbol pin or wire end off connection grid
    ; warning
    @(50.546 mm, 241.681 mm): Symbol R22 Pin 2 [Passive, Line]
[endpoint_off_grid]: Symbol pin or wire end off connection grid
    ; warning
    @(50.546 mm, 244.475 mm): Horizontal Wire, length 9.779 mm
[endpoint_off_grid]: Symbol pin or wire end off connection grid
    ; warning
    @(50.546 mm, 244.475 mm): Vertical Wire, length 2.794 mm
[endpoint_off_grid]: Symbol pin or wire end off connection grid
    ; warning
    @(58.674 mm, 127.762 mm): Horizontal Wire, length 8.255 mm
[endpoint_off_grid]: Symbol pin or wire end off connection grid
    ; warning
    @(58.801 mm, 225.679 mm): Horizontal Wire, length 8.255 mm
[endpoint_off_grid]: Symbol pin or wire end off connection grid
    ; warning
    @(59.309 mm, 160.274 mm): Symbol #PWR025 Pin 1 [Power input, Line]
[endpoint_off_grid]: Symbol pin or wire end off connection grid
    ; warning
    @(59.309 mm, 160.274 mm): Vertical Wire, length 1.27 mm
[endpoint_off_grid]: Symbol pin or wire end off connection grid
    ; warning
    @(59.309 mm, 169.164 mm): Symbol C3 Pin 2 [Passive, Line]
[endpoint_off_grid]: Symbol pin or wire end off connection grid
    ; warning
    @(59.309 mm, 170.434 mm): Symbol #PWR026 Pin 1 [Power input, Line]
[endpoint_off_grid]: Symbol pin or wire end off connection grid
    ; warning
    @(59.309 mm, 170.434 mm): Vertical Wire, length 1.27 mm
[endpoint_off_grid]: Symbol pin or wire end off connection grid
    ; warning
    @(59.436 mm, 258.191 mm): Vertical Wire, length 1.27 mm
[endpoint_off_grid]: Symbol pin or wire end off connection grid
    ; warning
    @(59.436 mm, 258.191 mm): Symbol #PWR027 Pin 1 [Power input, Line]
[endpoint_off_grid]: Symbol pin or wire end off connection grid
    ; warning
    @(59.436 mm, 267.081 mm): Symbol C4 Pin 2 [Passive, Line]
[endpoint_off_grid]: Symbol pin or wire end off connection grid
    ; warning
    @(59.436 mm, 268.351 mm): Symbol #PWR028 Pin 1 [Power input, Line]
[endpoint_off_grid]: Symbol pin or wire end off connection grid
    ; warning
    @(59.436 mm, 268.351 mm): Vertical Wire, length 1.27 mm
[endpoint_off_grid]: Symbol pin or wire end off connection grid
    ; warning
    @(66.548 mm, 121.158 mm): Horizontal Wire, length 9.525 mm
[endpoint_off_grid]: Symbol pin or wire end off connection grid
    ; warning
    @(66.548 mm, 123.698 mm): Horizontal Wire, length 9.525 mm
[endpoint_off_grid]: Symbol pin or wire end off connection grid
    ; warning
    @(66.548 mm, 128.778 mm): Horizontal Wire, length 9.525 mm
[endpoint_off_grid]: Symbol pin or wire end off connection grid
    ; warning
    @(66.548 mm, 133.858 mm): Horizontal Wire, length 9.525 mm
[endpoint_off_grid]: Symbol pin or wire end off connection grid
    ; warning
    @(66.548 mm, 136.398 mm): Horizontal Wire, length 9.525 mm
[endpoint_off_grid]: Symbol pin or wire end off connection grid
    ; warning
    @(66.548 mm, 138.938 mm): Horizontal Wire, length 9.525 mm
[endpoint_off_grid]: Symbol pin or wire end off connection grid
    ; warning
    @(66.548 mm, 141.478 mm): Horizontal Wire, length 9.525 mm
[endpoint_off_grid]: Symbol pin or wire end off connection grid
    ; warning
    @(66.675 mm, 219.075 mm): Horizontal Wire, length 9.525 mm
[endpoint_off_grid]: Symbol pin or wire end off connection grid
    ; warning
    @(66.675 mm, 221.615 mm): Horizontal Wire, length 9.525 mm
[endpoint_off_grid]: Symbol pin or wire end off connection grid
    ; warning
    @(66.675 mm, 226.695 mm): Horizontal Wire, length 9.525 mm
[endpoint_off_grid]: Symbol pin or wire end off connection grid
    ; warning
    @(66.675 mm, 231.775 mm): Horizontal Wire, length 9.525 mm
[endpoint_off_grid]: Symbol pin or wire end off connection grid
    ; warning
    @(66.675 mm, 234.315 mm): Horizontal Wire, length 9.525 mm
[endpoint_off_grid]: Symbol pin or wire end off connection grid
    ; warning
    @(66.675 mm, 236.855 mm): Horizontal Wire, length 9.525 mm
[endpoint_off_grid]: Symbol pin or wire end off connection grid
    ; warning
    @(66.675 mm, 239.395 mm): Horizontal Wire, length 9.525 mm
[endpoint_off_grid]: Symbol pin or wire end off connection grid
    ; warning
    @(68.58 mm, 37.465 mm): Horizontal Wire, length 8.89 mm
[endpoint_off_grid]: Symbol pin or wire end off connection grid
    ; warning
    @(68.58 mm, 40.005 mm): Horizontal Wire, length 8.89 mm
[endpoint_off_grid]: Symbol pin or wire end off connection grid
    ; warning
    @(68.58 mm, 42.545 mm): Horizontal Wire, length 8.89 mm
[endpoint_off_grid]: Symbol pin or wire end off connection grid
    ; warning
    @(68.58 mm, 50.165 mm): Horizontal Wire, length 9.525 mm
[endpoint_off_grid]: Symbol pin or wire end off connection grid
    ; warning
    @(68.58 mm, 52.705 mm): Horizontal Wire, length 9.525 mm
[endpoint_off_grid]: Symbol pin or wire end off connection grid
    ; warning
    @(68.58 mm, 55.245 mm): Horizontal Wire, length 9.525 mm
[endpoint_off_grid]: Symbol pin or wire end off connection grid
    ; warning
    @(68.58 mm, 57.785 mm): Horizontal Wire, length 9.525 mm
[endpoint_off_grid]: Symbol pin or wire end off connection grid
    ; warning
    @(68.58 mm, 60.325 mm): Horizontal Wire, length 9.525 mm
[endpoint_off_grid]: Symbol pin or wire end off connection grid
    ; warning
    @(68.58 mm, 62.865 mm): Horizontal Wire, length 9.525 mm
[endpoint_off_grid]: Symbol pin or wire end off connection grid
    ; warning
    @(72.517 mm, 160.274 mm): Vertical Wire, length 1.27 mm
[endpoint_off_grid]: Symbol pin or wire end off connection grid
    ; warning
    @(72.517 mm, 160.274 mm): Symbol #PWR029 Pin 1 [Power input, Line]
[endpoint_off_grid]: Symbol pin or wire end off connection grid
    ; warning
    @(72.517 mm, 169.164 mm): Symbol C5 Pin 2 [Passive, Line]
[endpoint_off_grid]: Symbol pin or wire end off connection grid
    ; warning
    @(72.517 mm, 169.164 mm): Vertical Wire, length 1.27 mm
[endpoint_off_grid]: Symbol pin or wire end off connection grid
    ; warning
    @(72.517 mm, 170.434 mm): Symbol #PWR030 Pin 1 [Power input, Line]
[endpoint_off_grid]: Symbol pin or wire end off connection grid
    ; warning
    @(72.644 mm, 258.191 mm): Vertical Wire, length 1.27 mm
[endpoint_off_grid]: Symbol pin or wire end off connection grid
    ; warning
    @(72.644 mm, 258.191 mm): Symbol #PWR031 Pin 1 [Power input, Line]
[endpoint_off_grid]: Symbol pin or wire end off connection grid
    ; warning
    @(72.644 mm, 267.081 mm): Symbol C6 Pin 2 [Passive, Line]
[endpoint_off_grid]: Symbol pin or wire end off connection grid
    ; warning
    @(72.644 mm, 267.081 mm): Vertical Wire, length 1.27 mm
[endpoint_off_grid]: Symbol pin or wire end off connection grid
    ; warning
    @(72.644 mm, 268.351 mm): Symbol #PWR032 Pin 1 [Power input, Line]
[endpoint_off_grid]: Symbol pin or wire end off connection grid
    ; warning
    @(73.533 mm, 114.808 mm): Horizontal Wire, length 1.27 mm
[endpoint_off_grid]: Symbol pin or wire end off connection grid
    ; warning
    @(73.533 mm, 114.808 mm): Symbol #PWR033 Pin 1 [Power input, Line]
[endpoint_off_grid]: Symbol pin or wire end off connection grid
    ; warning
    @(73.66 mm, 212.725 mm): Horizontal Wire, length 1.27 mm
[endpoint_off_grid]: Symbol pin or wire end off connection grid
    ; warning
    @(73.66 mm, 212.725 mm): Symbol #PWR034 Pin 1 [Power input, Line]
[endpoint_off_grid]: Symbol pin or wire end off connection grid
    ; warning
    @(74.803 mm, 113.538 mm): Vertical Wire, length 1.27 mm
[endpoint_off_grid]: Symbol pin or wire end off connection grid
    ; warning
    @(74.803 mm, 114.808 mm): Vertical Wire, length 1.27 mm
[endpoint_off_grid]: Symbol pin or wire end off connection grid
    ; warning
    @(74.93 mm, 211.455 mm): Vertical Wire, length 1.27 mm
[endpoint_off_grid]: Symbol pin or wire end off connection grid
    ; warning
    @(74.93 mm, 212.725 mm): Vertical Wire, length 1.27 mm
[endpoint_off_grid]: Symbol pin or wire end off connection grid
    ; warning
    @(75.438 mm, 126.238 mm): Symbol #PWR035 Pin 1 [Power input, Line]
[endpoint_off_grid]: Symbol pin or wire end off connection grid
    ; warning
    @(75.438 mm, 126.238 mm): Horizontal Wire, length 0.635 mm
[endpoint_off_grid]: Symbol pin or wire end off connection grid
    ; warning
    @(75.438 mm, 131.318 mm): Horizontal Wire, length 0.635 mm
[endpoint_off_grid]: Symbol pin or wire end off connection grid
    ; warning
    @(75.438 mm, 131.318 mm): Symbol #PWR036 Pin 1 [Power input, Line]
[endpoint_off_grid]: Symbol pin or wire end off connection grid
    ; warning
    @(75.565 mm, 224.155 mm): Symbol #PWR037 Pin 1 [Power input, Line]
[endpoint_off_grid]: Symbol pin or wire end off connection grid
    ; warning
    @(75.565 mm, 224.155 mm): Horizontal Wire, length 0.635 mm
[endpoint_off_grid]: Symbol pin or wire end off connection grid
    ; warning
    @(75.565 mm, 229.235 mm): Horizontal Wire, length 0.635 mm
[endpoint_off_grid]: Symbol pin or wire end off connection grid
    ; warning
    @(75.565 mm, 229.235 mm): Symbol #PWR038 Pin 1 [Power input, Line]
[endpoint_off_grid]: Symbol pin or wire end off connection grid
    ; warning
    @(76.073 mm, 113.538 mm): Horizontal Wire, length 1.27 mm
[endpoint_off_grid]: Symbol pin or wire end off connection grid
    ; warning
    @(76.073 mm, 116.078 mm): Horizontal Wire, length 1.27 mm
[endpoint_off_grid]: Symbol pin or wire end off connection grid
    ; warning
    @(76.073 mm, 123.698 mm): Symbol U2 Pin 20 [ILIM2, Unspecified, Line]
[endpoint_off_grid]: Symbol pin or wire end off connection grid
    ; warning
    @(76.20 mm, 211.455 mm): Horizontal Wire, length 1.27 mm
[endpoint_off_grid]: Symbol pin or wire end off connection grid
    ; warning
    @(76.20 mm, 213.995 mm): Horizontal Wire, length 1.27 mm
[endpoint_off_grid]: Symbol pin or wire end off connection grid
    ; warning
    @(76.20 mm, 221.615 mm): Symbol U3 Pin 20 [ILIM2, Unspecified, Line]
[endpoint_off_grid]: Symbol pin or wire end off connection grid
    ; warning
    @(77.47 mm, 42.545 mm): Symbol #PWR039 Pin 1 [Power input, Line]
[endpoint_off_grid]: Symbol pin or wire end off connection grid
    ; warning
    @(78.105 mm, 34.925 mm): Symbol #PWR040 Pin 1 [Power input, Line]
[endpoint_off_grid]: Symbol pin or wire end off connection grid
    ; warning
    @(78.105 mm, 34.925 mm): Horizontal Wire, length 9.525 mm
[endpoint_off_grid]: Symbol pin or wire end off connection grid
    ; warning
    @(78.105 mm, 45.085 mm): Horizontal Wire, length 9.525 mm
[endpoint_off_grid]: Symbol pin or wire end off connection grid
    ; warning
    @(78.105 mm, 47.625 mm): Horizontal Wire, length 9.525 mm
[endpoint_off_grid]: Symbol pin or wire end off connection grid
    ; warning
    @(90.043 mm, 106.553 mm): Vertical Wire, length 1.905 mm
[endpoint_off_grid]: Symbol pin or wire end off connection grid
    ; warning
    @(90.043 mm, 106.553 mm): Symbol #PWR041 Pin 1 [Power input, Line]
[endpoint_off_grid]: Symbol pin or wire end off connection grid
    ; warning
    @(90.17 mm, 204.47 mm): Vertical Wire, length 1.905 mm
[endpoint_off_grid]: Symbol pin or wire end off connection grid
    ; warning
    @(100.965 mm, 41.91 mm): Symbol #PWR043 Pin 1 [Power input, Line]
[endpoint_off_grid]: Symbol pin or wire end off connection grid
    ; warning
    @(100.965 mm, 41.91 mm): Vertical Wire, length 1.905 mm
[endpoint_off_grid]: Symbol pin or wire end off connection grid
    ; warning
    @(100.965 mm, 51.435 mm): Vertical Wire, length 13.335 mm
[endpoint_off_grid]: Symbol pin or wire end off connection grid
    ; warning
    @(100.965 mm, 51.435 mm): Symbol R23 Pin 2 [Passive, Line]
[endpoint_off_grid]: Symbol pin or wire end off connection grid
    ; warning
    @(104.013 mm, 118.618 mm): Horizontal Wire, length 1.016 mm
[endpoint_off_grid]: Symbol pin or wire end off connection grid
    ; warning
    @(104.013 mm, 128.778 mm): Horizontal Wire, length 1.016 mm
[endpoint_off_grid]: Symbol pin or wire end off connection grid
    ; warning
    @(104.14 mm, 216.535 mm): Horizontal Wire, length 1.016 mm
[endpoint_off_grid]: Symbol pin or wire end off connection grid
    ; warning
    @(104.14 mm, 226.695 mm): Horizontal Wire, length 1.016 mm
[endpoint_off_grid]: Symbol pin or wire end off connection grid
    ; warning
    @(105.029 mm, 113.538 mm): Horizontal Wire, length 1.016 mm
[endpoint_off_grid]: Symbol pin or wire end off connection grid
    ; warning
    @(105.029 mm, 113.538 mm): Vertical Wire, length 2.54 mm
[endpoint_off_grid]: Symbol pin or wire end off connection grid
    ; warning
    @(105.029 mm, 116.078 mm): Horizontal Wire, length 9.144 mm
[endpoint_off_grid]: Symbol pin or wire end off connection grid
    ; warning
    @(105.029 mm, 116.078 mm): Vertical Wire, length 2.54 mm
[endpoint_off_grid]: Symbol pin or wire end off connection grid
    ; warning
    @(105.029 mm, 116.078 mm): Horizontal Wire, length 1.016 mm
[endpoint_off_grid]: Symbol pin or wire end off connection grid
    ; warning
    @(105.029 mm, 123.698 mm): Vertical Wire, length 2.54 mm
[endpoint_off_grid]: Symbol pin or wire end off connection grid
    ; warning
    @(105.029 mm, 123.698 mm): Horizontal Wire, length 1.016 mm
[endpoint_off_grid]: Symbol pin or wire end off connection grid
    ; warning
    @(105.029 mm, 126.238 mm): Horizontal Wire, length 9.144 mm
[endpoint_off_grid]: Symbol pin or wire end off connection grid
    ; warning
    @(105.029 mm, 126.238 mm): Vertical Wire, length 2.54 mm
[endpoint_off_grid]: Symbol pin or wire end off connection grid
    ; warning
    @(105.029 mm, 126.238 mm): Horizontal Wire, length 1.016 mm
[endpoint_off_grid]: Symbol pin or wire end off connection grid
    ; warning
    @(105.156 mm, 211.455 mm): Vertical Wire, length 2.54 mm
[endpoint_off_grid]: Symbol pin or wire end off connection grid
    ; warning
    @(105.156 mm, 211.455 mm): Horizontal Wire, length 1.016 mm
[endpoint_off_grid]: Symbol pin or wire end off connection grid
    ; warning
    @(105.156 mm, 213.995 mm): Horizontal Wire, length 1.016 mm
[endpoint_off_grid]: Symbol pin or wire end off connection grid
    ; warning
    @(105.156 mm, 213.995 mm): Horizontal Wire, length 9.144 mm
[endpoint_off_grid]: Symbol pin or wire end off connection grid
    ; warning
    @(105.156 mm, 213.995 mm): Vertical Wire, length 2.54 mm
[endpoint_off_grid]: Symbol pin or wire end off connection grid
    ; warning
    @(105.156 mm, 221.615 mm): Vertical Wire, length 2.54 mm
[endpoint_off_grid]: Symbol pin or wire end off connection grid
    ; warning
    @(105.156 mm, 221.615 mm): Horizontal Wire, length 1.016 mm
[endpoint_off_grid]: Symbol pin or wire end off connection grid
    ; warning
    @(105.156 mm, 224.155 mm): Horizontal Wire, length 1.016 mm
[endpoint_off_grid]: Symbol pin or wire end off connection grid
    ; warning
    @(105.156 mm, 224.155 mm): Vertical Wire, length 2.54 mm
[endpoint_off_grid]: Symbol pin or wire end off connection grid
    ; warning
    @(105.156 mm, 224.155 mm): Horizontal Wire, length 9.144 mm
[endpoint_off_grid]: Symbol pin or wire end off connection grid
    ; warning
    @(105.283 mm, 131.318 mm): Horizontal Wire, length 1.27 mm
[endpoint_off_grid]: Symbol pin or wire end off connection grid
    ; warning
    @(105.283 mm, 131.318 mm): Vertical Wire, length 1.27 mm
[endpoint_off_grid]: Symbol pin or wire end off connection grid
    ; warning
    @(105.283 mm, 132.588 mm): Horizontal Wire, length 1.27 mm
[endpoint_off_grid]: Symbol pin or wire end off connection grid
    ; warning
    @(105.283 mm, 132.588 mm): Vertical Wire, length 1.27 mm
[endpoint_off_grid]: Symbol pin or wire end off connection grid
    ; warning
    @(105.283 mm, 133.858 mm): Horizontal Wire, length 1.27 mm
[endpoint_off_grid]: Symbol pin or wire end off connection grid
    ; warning
    @(105.41 mm, 229.235 mm): Horizontal Wire, length 1.27 mm
[endpoint_off_grid]: Symbol pin or wire end off connection grid
    ; warning
    @(105.41 mm, 229.235 mm): Vertical Wire, length 1.27 mm
[endpoint_off_grid]: Symbol pin or wire end off connection grid
    ; warning
    @(105.41 mm, 230.505 mm): Horizontal Wire, length 1.27 mm
[endpoint_off_grid]: Symbol pin or wire end off connection grid
    ; warning
    @(105.41 mm, 230.505 mm): Vertical Wire, length 1.27 mm
[endpoint_off_grid]: Symbol pin or wire end off connection grid
    ; warning
    @(105.41 mm, 231.775 mm): Horizontal Wire, length 1.27 mm
[endpoint_off_grid]: Symbol pin or wire end off connection grid
    ; warning
    @(101.60 mm, 77.47 mm): Horizontal Wire, length 4.445 mm
[endpoint_off_grid]: Symbol pin or wire end off connection grid
    ; warning
    @(106.553 mm, 132.588 mm): Symbol #PWR044 Pin 1 [Power input, Line]
[endpoint_off_grid]: Symbol pin or wire end off connection grid
    ; warning
    @(106.68 mm, 230.505 mm): Symbol #PWR045 Pin 1 [Power input, Line]
[endpoint_off_grid]: Symbol pin or wire end off connection grid
    ; warning
    @(112.903 mm, 136.398 mm): Horizontal Wire, length 8.89 mm
[endpoint_off_grid]: Symbol pin or wire end off connection grid
    ; warning
    @(112.903 mm, 138.938 mm): Horizontal Wire, length 8.89 mm
[endpoint_off_grid]: Symbol pin or wire end off connection grid
    ; warning
    @(112.903 mm, 141.478 mm): Horizontal Wire, length 8.89 mm
[endpoint_off_grid]: Symbol pin or wire end off connection grid
    ; warning
    @(113.03 mm, 234.315 mm): Horizontal Wire, length 8.89 mm
[endpoint_off_grid]: Symbol pin or wire end off connection grid
    ; warning
    @(113.03 mm, 236.855 mm): Horizontal Wire, length 8.89 mm
[endpoint_off_grid]: Symbol pin or wire end off connection grid
    ; warning
    @(113.03 mm, 239.395 mm): Horizontal Wire, length 8.89 mm
[endpoint_off_grid]: Symbol pin or wire end off connection grid
    ; warning
    @(136.525 mm, 267.335 mm): Horizontal Wire, length 8.255 mm
[endpoint_off_grid]: Symbol pin or wire end off connection grid
    ; warning
    @(136.525 mm, 269.875 mm): Horizontal Wire, length 8.255 mm
[endpoint_off_grid]: Symbol pin or wire end off connection grid
    ; warning
    @(137.16 mm, 259.715 mm): Horizontal Wire, length 7.62 mm
[endpoint_off_grid]: Symbol pin or wire end off connection grid
    ; warning
    @(137.16 mm, 259.715 mm): Symbol #PWR046 Pin 1 [Power input, Line]
[endpoint_off_grid]: Symbol pin or wire end off connection grid
    ; warning
    @(137.16 mm, 264.795 mm): Symbol #PWR047 Pin 1 [Power input, Line]
[endpoint_off_grid]: Symbol pin or wire end off connection grid
    ; warning
    @(137.16 mm, 264.795 mm): Horizontal Wire, length 7.62 mm
[endpoint_off_grid]: Symbol pin or wire end off connection grid
    ; warning
    @(139.065 mm, 262.255 mm): Horizontal Wire, length 5.715 mm
[endpoint_off_grid]: Symbol pin or wire end off connection grid
    ; warning
    @(165.227 mm, 28.702 mm): Horizontal Wire, length 6.985 mm
[endpoint_off_grid]: Symbol pin or wire end off connection grid
    ; warning
    @(165.227 mm, 40.132 mm): Horizontal Wire, length 6.985 mm
[endpoint_off_grid]: Symbol pin or wire end off connection grid
    ; warning
    @(165.227 mm, 57.912 mm): Horizontal Wire, length 6.985 mm
[endpoint_off_grid]: Symbol pin or wire end off connection grid
    ; warning
    @(165.227 mm, 69.342 mm): Horizontal Wire, length 6.985 mm
[endpoint_off_grid]: Symbol pin or wire end off connection grid
    ; warning
    @(165.227 mm, 85.852 mm): Horizontal Wire, length 6.985 mm
[endpoint_off_grid]: Symbol pin or wire end off connection grid
    ; warning
    @(165.227 mm, 97.282 mm): Horizontal Wire, length 6.985 mm
[endpoint_off_grid]: Symbol pin or wire end off connection grid
    ; warning
    @(165.227 mm, 115.697 mm): Horizontal Wire, length 6.985 mm
[endpoint_off_grid]: Symbol pin or wire end off connection grid
    ; warning
    @(165.227 mm, 127.127 mm): Horizontal Wire, length 6.985 mm
[endpoint_off_grid]: Symbol pin or wire end off connection grid
    ; warning
    @(172.212 mm, 28.702 mm): Vertical Wire, length 1.905 mm
[endpoint_off_grid]: Symbol pin or wire end off connection grid
    ; warning
    @(172.212 mm, 30.607 mm): Symbol R24 Pin 2 [Passive, Line]
[endpoint_off_grid]: Symbol pin or wire end off connection grid
    ; warning
    @(172.212 mm, 38.227 mm): Vertical Wire, length 1.905 mm
[endpoint_off_grid]: Symbol pin or wire end off connection grid
    ; warning
    @(172.212 mm, 40.132 mm): Horizontal Wire, length 1.27 mm
[endpoint_off_grid]: Symbol pin or wire end off connection grid
    ; warning
    @(172.212 mm, 57.912 mm): Vertical Wire, length 1.905 mm
[endpoint_off_grid]: Symbol pin or wire end off connection grid
    ; warning
    @(172.212 mm, 59.817 mm): Symbol R25 Pin 2 [Passive, Line]
[endpoint_off_grid]: Symbol pin or wire end off connection grid
    ; warning
    @(172.212 mm, 67.437 mm): Vertical Wire, length 1.905 mm
[endpoint_off_grid]: Symbol pin or wire end off connection grid
    ; warning
    @(172.212 mm, 69.342 mm): Horizontal Wire, length 1.27 mm
[endpoint_off_grid]: Symbol pin or wire end off connection grid
    ; warning
    @(172.212 mm, 85.852 mm): Vertical Wire, length 1.905 mm
[endpoint_off_grid]: Symbol pin or wire end off connection grid
    ; warning
    @(172.212 mm, 85.852 mm): Horizontal Wire, length 10.16 mm
[endpoint_off_grid]: Symbol pin or wire end off connection grid
    ; warning
    @(172.212 mm, 87.757 mm): Symbol R26 Pin 2 [Passive, Line]
[endpoint_off_grid]: Symbol pin or wire end off connection grid
    ; warning
    @(172.212 mm, 95.377 mm): Vertical Wire, length 1.905 mm
[endpoint_off_grid]: Symbol pin or wire end off connection grid
    ; warning
    @(172.212 mm, 97.282 mm): Horizontal Wire, length 1.27 mm
[endpoint_off_grid]: Symbol pin or wire end off connection grid
    ; warning
    @(172.212 mm, 115.697 mm): Horizontal Wire, length 10.16 mm
[endpoint_off_grid]: Symbol pin or wire end off connection grid
    ; warning
    @(172.212 mm, 115.697 mm): Vertical Wire, length 1.905 mm
[endpoint_off_grid]: Symbol pin or wire end off connection grid
    ; warning
    @(172.212 mm, 117.602 mm): Symbol R27 Pin 2 [Passive, Line]
[endpoint_off_grid]: Symbol pin or wire end off connection grid
    ; warning
    @(172.212 mm, 125.222 mm): Vertical Wire, length 1.905 mm
[endpoint_off_grid]: Symbol pin or wire end off connection grid
    ; warning
    @(172.212 mm, 127.127 mm): Horizontal Wire, length 1.27 mm
[endpoint_off_grid]: Symbol pin or wire end off connection grid
    ; warning
    @(175.26 mm, 259.715 mm): Horizontal Wire, length 5.08 mm
[endpoint_off_grid]: Symbol pin or wire end off connection grid
    ; warning
    @(175.26 mm, 262.255 mm): Horizontal Wire, length 5.08 mm
[endpoint_off_grid]: Symbol pin or wire end off connection grid
    ; warning
    @(175.26 mm, 267.335 mm): Symbol U4 Pin 7 [AIN3, Unspecified, Line]
[endpoint_off_grid]: Symbol pin or wire end off connection grid
    ; warning
    @(175.26 mm, 269.875 mm): Horizontal Wire, length 5.08 mm
[endpoint_off_grid]: Symbol pin or wire end off connection grid
    ; warning
    @(179.705 mm, 264.795 mm): Horizontal Wire, length 4.445 mm
[endpoint_off_grid]: Symbol pin or wire end off connection grid
    ; warning
    @(179.705 mm, 264.795 mm): Symbol #PWR048 Pin 1 [Power input, Line]
[endpoint_off_grid]: Symbol pin or wire end off connection grid
    ; warning
    @(181.102 mm, 40.132 mm): Horizontal Wire, length 1.27 mm
[endpoint_off_grid]: Symbol pin or wire end off connection grid
    ; warning
    @(181.102 mm, 40.132 mm): Symbol R28 Pin 2 [Passive, Line]
[endpoint_off_grid]: Symbol pin or wire end off connection grid
    ; warning
    @(181.102 mm, 69.342 mm): Horizontal Wire, length 1.27 mm
[endpoint_off_grid]: Symbol pin or wire end off connection grid
    ; warning
    @(181.102 mm, 69.342 mm): Symbol R29 Pin 2 [Passive, Line]
[endpoint_off_grid]: Symbol pin or wire end off connection grid
    ; warning
    @(181.102 mm, 97.282 mm): Horizontal Wire, length 1.27 mm
[endpoint_off_grid]: Symbol pin or wire end off connection grid
    ; warning
    @(181.102 mm, 97.282 mm): Symbol R30 Pin 2 [Passive, Line]
[endpoint_off_grid]: Symbol pin or wire end off connection grid
    ; warning
    @(181.102 mm, 127.127 mm): Symbol R31 Pin 2 [Passive, Line]
[endpoint_off_grid]: Symbol pin or wire end off connection grid
    ; warning
    @(181.102 mm, 127.127 mm): Horizontal Wire, length 1.27 mm
[endpoint_off_grid]: Symbol pin or wire end off connection grid
    ; warning
    @(182.372 mm, 28.702 mm): Horizontal Wire, length 10.16 mm
[endpoint_off_grid]: Symbol pin or wire end off connection grid
    ; warning
    @(182.372 mm, 31.877 mm): Vertical Wire, length 3.175 mm
[endpoint_off_grid]: Symbol pin or wire end off connection grid
    ; warning
    @(182.372 mm, 36.957 mm): Horizontal Wire, length 1.27 mm
[endpoint_off_grid]: Symbol pin or wire end off connection grid
    ; warning
    @(182.372 mm, 40.132 mm): Vertical Wire, length 3.175 mm
[endpoint_off_grid]: Symbol pin or wire end off connection grid
    ; warning
    @(182.372 mm, 57.912 mm): Horizontal Wire, length 10.16 mm
[endpoint_off_grid]: Symbol pin or wire end off connection grid
    ; warning
    @(182.372 mm, 61.087 mm): Vertical Wire, length 3.175 mm
[endpoint_off_grid]: Symbol pin or wire end off connection grid
    ; warning
    @(182.372 mm, 66.167 mm): Horizontal Wire, length 1.27 mm
[endpoint_off_grid]: Symbol pin or wire end off connection grid
    ; warning
    @(182.372 mm, 69.342 mm): Vertical Wire, length 3.175 mm
[endpoint_off_grid]: Symbol pin or wire end off connection grid
    ; warning
    @(182.372 mm, 89.027 mm): Vertical Wire, length 3.175 mm
[endpoint_off_grid]: Symbol pin or wire end off connection grid
    ; warning
    @(182.372 mm, 94.107 mm): Horizontal Wire, length 1.27 mm
[endpoint_off_grid]: Symbol pin or wire end off connection grid
    ; warning
    @(182.372 mm, 97.282 mm): Vertical Wire, length 3.175 mm
[endpoint_off_grid]: Symbol pin or wire end off connection grid
    ; warning
    @(182.372 mm, 118.872 mm): Vertical Wire, length 3.175 mm
[endpoint_off_grid]: Symbol pin or wire end off connection grid
    ; warning
    @(182.372 mm, 123.952 mm): Horizontal Wire, length 1.27 mm
[endpoint_off_grid]: Symbol pin or wire end off connection grid
    ; warning
    @(182.372 mm, 127.127 mm): Vertical Wire, length 3.175 mm
[endpoint_off_grid]: Symbol pin or wire end off connection grid
    ; warning
    @(183.642 mm, 31.877 mm): Symbol U5 Pin 1 [1, Unspecified, Line]
[endpoint_off_grid]: Symbol pin or wire end off connection grid
    ; warning
    @(183.642 mm, 31.877 mm): Horizontal Wire, length 1.27 mm
[endpoint_off_grid]: Symbol pin or wire end off connection grid
    ; warning
    @(183.642 mm, 61.087 mm): Horizontal Wire, length 1.27 mm
[endpoint_off_grid]: Symbol pin or wire end off connection grid
    ; warning
    @(183.642 mm, 61.087 mm): Symbol U6 Pin 1 [1, Unspecified, Line]
[endpoint_off_grid]: Symbol pin or wire end off connection grid
    ; warning
    @(183.642 mm, 89.027 mm): Horizontal Wire, length 1.27 mm
[endpoint_off_grid]: Symbol pin or wire end off connection grid
    ; warning
    @(183.642 mm, 89.027 mm): Symbol U7 Pin 1 [1, Unspecified, Line]
[endpoint_off_grid]: Symbol pin or wire end off connection grid
    ; warning
    @(183.642 mm, 118.872 mm): Symbol U8 Pin 1 [1, Unspecified, Line]
[endpoint_off_grid]: Symbol pin or wire end off connection grid
    ; warning
    @(183.642 mm, 118.872 mm): Horizontal Wire, length 1.27 mm
[endpoint_off_grid]: Symbol pin or wire end off connection grid
    ; warning
    @(216.027 mm, 29.972 mm): Symbol #PWR049 Pin 1 [Power input, Line]
[endpoint_off_grid]: Symbol pin or wire end off connection grid
    ; warning
    @(216.027 mm, 29.972 mm): Vertical Wire, length 1.905 mm
[endpoint_off_grid]: Symbol pin or wire end off connection grid
    ; warning
    @(216.027 mm, 31.877 mm): Horizontal Wire, length 1.905 mm
[endpoint_off_grid]: Symbol pin or wire end off connection grid
    ; warning
    @(216.027 mm, 36.957 mm): Horizontal Wire, length 1.905 mm
[endpoint_off_grid]: Symbol pin or wire end off connection grid
    ; warning
    @(216.027 mm, 36.957 mm): Horizontal Wire, length 1.905 mm
[endpoint_off_grid]: Symbol pin or wire end off connection grid
    ; warning
    @(216.027 mm, 38.227 mm): Vertical Wire, length 1.27 mm
[endpoint_off_grid]: Symbol pin or wire end off connection grid
    ; warning
    @(216.027 mm, 38.227 mm): Symbol R32 Pin 2 [Passive, Line]
[endpoint_off_grid]: Symbol pin or wire end off connection grid
    ; warning
    @(216.027 mm, 45.847 mm): Vertical Wire, length 1.27 mm
[endpoint_off_grid]: Symbol pin or wire end off connection grid
    ; warning
    @(216.027 mm, 47.117 mm): Horizontal Wire, length 11.43 mm
[endpoint_off_grid]: Symbol pin or wire end off connection grid
    ; warning
    @(216.027 mm, 59.182 mm): Vertical Wire, length 1.905 mm
[endpoint_off_grid]: Symbol pin or wire end off connection grid
    ; warning
    @(216.027 mm, 59.182 mm): Symbol #PWR050 Pin 1 [Power input, Line]
[endpoint_off_grid]: Symbol pin or wire end off connection grid
    ; warning
    @(216.027 mm, 61.087 mm): Horizontal Wire, length 1.905 mm
[endpoint_off_grid]: Symbol pin or wire end off connection grid
    ; warning
    @(216.027 mm, 66.167 mm): Horizontal Wire, length 1.905 mm
[endpoint_off_grid]: Symbol pin or wire end off connection grid
    ; warning
    @(216.027 mm, 66.167 mm): Horizontal Wire, length 1.905 mm
[endpoint_off_grid]: Symbol pin or wire end off connection grid
    ; warning
    @(216.027 mm, 67.437 mm): Vertical Wire, length 1.27 mm
[endpoint_off_grid]: Symbol pin or wire end off connection grid
    ; warning
    @(216.027 mm, 67.437 mm): Symbol R33 Pin 2 [Passive, Line]
[endpoint_off_grid]: Symbol pin or wire end off connection grid
    ; warning
    @(216.027 mm, 75.057 mm): Vertical Wire, length 1.27 mm
[endpoint_off_grid]: Symbol pin or wire end off connection grid
    ; warning
    @(216.027 mm, 76.327 mm): Horizontal Wire, length 11.43 mm
[endpoint_off_grid]: Symbol pin or wire end off connection grid
    ; warning
    @(216.027 mm, 87.122 mm): Vertical Wire, length 1.905 mm
[endpoint_off_grid]: Symbol pin or wire end off connection grid
    ; warning
    @(216.027 mm, 87.122 mm): Symbol #PWR051 Pin 1 [Power input, Line]
[endpoint_off_grid]: Symbol pin or wire end off connection grid
    ; warning
    @(216.027 mm, 89.027 mm): Horizontal Wire, length 1.905 mm
[endpoint_off_grid]: Symbol pin or wire end off connection grid
    ; warning
    @(216.027 mm, 94.107 mm): Horizontal Wire, length 1.905 mm
[endpoint_off_grid]: Symbol pin or wire end off connection grid
    ; warning
    @(216.027 mm, 94.107 mm): Horizontal Wire, length 1.905 mm
[endpoint_off_grid]: Symbol pin or wire end off connection grid
    ; warning
    @(216.027 mm, 95.377 mm): Symbol R34 Pin 2 [Passive, Line]
[endpoint_off_grid]: Symbol pin or wire end off connection grid
    ; warning
    @(216.027 mm, 95.377 mm): Vertical Wire, length 1.27 mm
[endpoint_off_grid]: Symbol pin or wire end off connection grid
    ; warning
    @(216.027 mm, 102.997 mm): Vertical Wire, length 1.27 mm
[endpoint_off_grid]: Symbol pin or wire end off connection grid
    ; warning
    @(216.027 mm, 104.267 mm): Horizontal Wire, length 11.43 mm
[endpoint_off_grid]: Symbol pin or wire end off connection grid
    ; warning
    @(216.027 mm, 116.967 mm): Symbol #PWR052 Pin 1 [Power input, Line]
[endpoint_off_grid]: Symbol pin or wire end off connection grid
    ; warning
    @(216.027 mm, 116.967 mm): Vertical Wire, length 1.905 mm
[endpoint_off_grid]: Symbol pin or wire end off connection grid
    ; warning
    @(216.027 mm, 118.872 mm): Horizontal Wire, length 1.905 mm
[endpoint_off_grid]: Symbol pin or wire end off connection grid
    ; warning
    @(216.027 mm, 123.952 mm): Horizontal Wire, length 1.905 mm
[endpoint_off_grid]: Symbol pin or wire end off connection grid
    ; warning
    @(216.027 mm, 123.952 mm): Horizontal Wire, length 1.905 mm
[endpoint_off_grid]: Symbol pin or wire end off connection grid
    ; warning
    @(216.027 mm, 125.222 mm): Symbol R35 Pin 2 [Passive, Line]
[endpoint_off_grid]: Symbol pin or wire end off connection grid
    ; warning
    @(216.027 mm, 125.222 mm): Vertical Wire, length 1.27 mm
[endpoint_off_grid]: Symbol pin or wire end off connection grid
    ; warning
    @(216.027 mm, 132.842 mm): Vertical Wire, length 1.27 mm
[endpoint_off_grid]: Symbol pin or wire end off connection grid
    ; warning
    @(216.027 mm, 134.112 mm): Horizontal Wire, length 11.43 mm
[endpoint_off_grid]: Symbol pin or wire end off connection grid
    ; warning
    @(217.932 mm, 36.957 mm): Symbol R36 Pin 2 [Passive, Line]
[endpoint_off_grid]: Symbol pin or wire end off connection grid
    ; warning
    @(217.932 mm, 66.167 mm): Symbol R37 Pin 2 [Passive, Line]
[endpoint_off_grid]: Symbol pin or wire end off connection grid
    ; warning
    @(217.932 mm, 94.107 mm): Symbol R38 Pin 2 [Passive, Line]
[endpoint_off_grid]: Symbol pin or wire end off connection grid
    ; warning
    @(217.932 mm, 123.952 mm): Symbol R39 Pin 2 [Passive, Line]
[endpoint_off_grid]: Symbol pin or wire end off connection grid
    ; warning
    @(225.552 mm, 36.957 mm): Horizontal Wire, length 1.905 mm
[endpoint_off_grid]: Symbol pin or wire end off connection grid
    ; warning
    @(225.552 mm, 66.167 mm): Horizontal Wire, length 1.905 mm
[endpoint_off_grid]: Symbol pin or wire end off connection grid
    ; warning
    @(225.552 mm, 94.107 mm): Horizontal Wire, length 1.905 mm
[endpoint_off_grid]: Symbol pin or wire end off connection grid
    ; warning
    @(225.552 mm, 123.952 mm): Horizontal Wire, length 1.905 mm
[endpoint_off_grid]: Symbol pin or wire end off connection grid
    ; warning
    @(227.457 mm, 36.957 mm): Horizontal Wire, length 8.89 mm
[endpoint_off_grid]: Symbol pin or wire end off connection grid
    ; warning
    @(227.457 mm, 36.957 mm): Vertical Wire, length 1.27 mm
[endpoint_off_grid]: Symbol pin or wire end off connection grid
    ; warning
    @(227.457 mm, 45.847 mm): Vertical Wire, length 1.27 mm
[endpoint_off_grid]: Symbol pin or wire end off connection grid
    ; warning
    @(227.457 mm, 45.847 mm): Symbol C7 Pin 2 [Passive, Line]
[endpoint_off_grid]: Symbol pin or wire end off connection grid
    ; warning
    @(227.457 mm, 47.117 mm): Vertical Wire, length 1.27 mm
[endpoint_off_grid]: Symbol pin or wire end off connection grid
    ; warning
    @(227.457 mm, 48.387 mm): Symbol #PWR053 Pin 1 [Power input, Line]
[endpoint_off_grid]: Symbol pin or wire end off connection grid
    ; warning
    @(227.457 mm, 66.167 mm): Vertical Wire, length 1.27 mm
[endpoint_off_grid]: Symbol pin or wire end off connection grid
    ; warning
    @(227.457 mm, 66.167 mm): Horizontal Wire, length 8.89 mm
[endpoint_off_grid]: Symbol pin or wire end off connection grid
    ; warning
    @(227.457 mm, 75.057 mm): Vertical Wire, length 1.27 mm
[endpoint_off_grid]: Symbol pin or wire end off connection grid
    ; warning
    @(227.457 mm, 75.057 mm): Symbol C8 Pin 2 [Passive, Line]
[endpoint_off_grid]: Symbol pin or wire end off connection grid
    ; warning
    @(227.457 mm, 76.327 mm): Vertical Wire, length 1.27 mm
[endpoint_off_grid]: Symbol pin or wire end off connection grid
    ; warning
    @(227.457 mm, 77.597 mm): Symbol #PWR054 Pin 1 [Power input, Line]
[endpoint_off_grid]: Symbol pin or wire end off connection grid
    ; warning
    @(227.457 mm, 94.107 mm): Vertical Wire, length 1.27 mm
[endpoint_off_grid]: Symbol pin or wire end off connection grid
    ; warning
    @(227.457 mm, 94.107 mm): Horizontal Wire, length 8.89 mm
[endpoint_off_grid]: Symbol pin or wire end off connection grid
    ; warning
    @(227.457 mm, 102.997 mm): Symbol C9 Pin 2 [Passive, Line]
[endpoint_off_grid]: Symbol pin or wire end off connection grid
    ; warning
    @(227.457 mm, 102.997 mm): Vertical Wire, length 1.27 mm
[endpoint_off_grid]: Symbol pin or wire end off connection grid
    ; warning
    @(227.457 mm, 104.267 mm): Vertical Wire, length 1.27 mm
[endpoint_off_grid]: Symbol pin or wire end off connection grid
    ; warning
    @(227.457 mm, 105.537 mm): Symbol #PWR055 Pin 1 [Power input, Line]
[endpoint_off_grid]: Symbol pin or wire end off connection grid
    ; warning
    @(227.457 mm, 123.952 mm): Horizontal Wire, length 8.89 mm
[endpoint_off_grid]: Symbol pin or wire end off connection grid
    ; warning
    @(227.457 mm, 123.952 mm): Vertical Wire, length 1.27 mm
[endpoint_off_grid]: Symbol pin or wire end off connection grid
    ; warning
    @(227.457 mm, 132.842 mm): Vertical Wire, length 1.27 mm
[endpoint_off_grid]: Symbol pin or wire end off connection grid
    ; warning
    @(227.457 mm, 132.842 mm): Symbol C10 Pin 2 [Passive, Line]
[endpoint_off_grid]: Symbol pin or wire end off connection grid
    ; warning
    @(227.457 mm, 134.112 mm): Vertical Wire, length 1.27 mm
[endpoint_off_grid]: Symbol pin or wire end off connection grid
    ; warning
    @(227.457 mm, 135.382 mm): Symbol #PWR056 Pin 1 [Power input, Line]
[endpoint_off_grid]: Symbol pin or wire end off connection grid
    ; warning
    @(236.347 mm, 36.957 mm): Bus to wire entry
[endpoint_off_grid]: Symbol pin or wire end off connection grid
    ; warning
    @(236.347 mm, 66.167 mm): Bus to wire entry
[endpoint_off_grid]: Symbol pin or wire end off connection grid
    ; warning
    @(236.347 mm, 94.107 mm): Bus to wire entry
[endpoint_off_grid]: Symbol pin or wire end off connection grid
    ; warning
    @(236.347 mm, 123.952 mm): Bus to wire entry
[endpoint_off_grid]: Symbol pin or wire end off connection grid
    ; warning
    @(238.887 mm, 37.592 mm): Vertical Bus, length 90.805 mm
[endpoint_off_grid]: Symbol pin or wire end off connection grid
    ; warning
    @(236.347 mm, 36.957 mm): Bus to wire entry
[endpoint_off_grid]: Symbol pin or wire end off connection grid
    ; warning
    @(236.347 mm, 66.167 mm): Bus to wire entry
[endpoint_off_grid]: Symbol pin or wire end off connection grid
    ; warning
    @(236.347 mm, 94.107 mm): Bus to wire entry
[endpoint_off_grid]: Symbol pin or wire end off connection grid
    ; warning
    @(236.347 mm, 123.952 mm): Bus to wire entry
[endpoint_off_grid]: Symbol pin or wire end off connection grid
    ; warning
    @(241.427 mm, 24.892 mm): Horizontal Wire, length 4.445 mm
[endpoint_off_grid]: Symbol pin or wire end off connection grid
    ; warning
    @(281.305 mm, 34.29 mm): Horizontal Wire, length 8.89 mm
[endpoint_off_grid]: Symbol pin or wire end off connection grid
    ; warning
    @(281.305 mm, 62.23 mm): Horizontal Wire, length 8.89 mm
[endpoint_off_grid]: Symbol pin or wire end off connection grid
    ; warning
    @(297.815 mm, 34.29 mm): Symbol R40 Pin 2 [Passive, Line]
[endpoint_off_grid]: Symbol pin or wire end off connection grid
    ; warning
    @(297.815 mm, 34.29 mm): Horizontal Wire, length 1.905 mm
[endpoint_off_grid]: Symbol pin or wire end off connection grid
    ; warning
    @(297.815 mm, 62.23 mm): Horizontal Wire, length 1.905 mm
[endpoint_off_grid]: Symbol pin or wire end off connection grid
    ; warning
    @(297.815 mm, 62.23 mm): Symbol R41 Pin 2 [Passive, Line]
[endpoint_off_grid]: Symbol pin or wire end off connection grid
    ; warning
    @(299.72 mm, 36.195 mm): Vertical Wire, length 1.905 mm
[endpoint_off_grid]: Symbol pin or wire end off connection grid
    ; warning
    @(299.72 mm, 36.195 mm): Symbol R42 Pin 2 [Passive, Line]
[endpoint_off_grid]: Symbol pin or wire end off connection grid
    ; warning
    @(299.72 mm, 45.085 mm): Vertical Wire, length 1.27 mm
[endpoint_off_grid]: Symbol pin or wire end off connection grid
    ; warning
    @(299.72 mm, 45.085 mm): Symbol #PWR057 Pin 1 [Power input, Line]
[endpoint_off_grid]: Symbol pin or wire end off connection grid
    ; warning
    @(299.72 mm, 64.135 mm): Symbol R43 Pin 2 [Passive, Line]
[endpoint_off_grid]: Symbol pin or wire end off connection grid
    ; warning
    @(299.72 mm, 64.135 mm): Vertical Wire, length 1.905 mm
[endpoint_off_grid]: Symbol pin or wire end off connection grid
    ; warning
    @(299.72 mm, 73.025 mm): Vertical Wire, length 1.27 mm
[endpoint_off_grid]: Symbol pin or wire end off connection grid
    ; warning
    @(299.72 mm, 73.025 mm): Symbol #PWR058 Pin 1 [Power input, Line]
[endpoint_off_grid]: Symbol pin or wire end off connection grid
    ; warning
    @(309.88 mm, 27.305 mm): Vertical Wire, length 1.905 mm
[endpoint_off_grid]: Symbol pin or wire end off connection grid
    ; warning
    @(309.88 mm, 55.245 mm): Vertical Wire, length 1.905 mm
[endpoint_off_grid]: Symbol pin or wire end off connection grid
    ; warning
    @(319.405 mm, 27.305 mm): Horizontal Wire, length 9.525 mm
[endpoint_off_grid]: Symbol pin or wire end off connection grid
    ; warning
    @(319.405 mm, 55.245 mm): Horizontal Wire, length 9.525 mm
[endpoint_off_grid]: Symbol pin or wire end off connection grid
    ; warning
    @(328.93 mm, 45.085 mm): Horizontal Wire, length 9.525 mm
[endpoint_off_grid]: Symbol pin or wire end off connection grid
    ; warning
    @(328.93 mm, 73.025 mm): Horizontal Wire, length 9.525 mm
[endpoint_off_grid]: Symbol pin or wire end off connection grid
    ; warning
    @(335.915 mm, 27.305 mm): Symbol #PWR061 Pin 1 [Power input, Line]
[endpoint_off_grid]: Symbol pin or wire end off connection grid
    ; warning
    @(335.915 mm, 27.305 mm): Vertical Wire, length 2.54 mm
[endpoint_off_grid]: Symbol pin or wire end off connection grid
    ; warning
    @(335.915 mm, 29.845 mm): Horizontal Wire, length 2.54 mm
[endpoint_off_grid]: Symbol pin or wire end off connection grid
    ; warning
    @(335.915 mm, 55.245 mm): Vertical Wire, length 2.54 mm
[endpoint_off_grid]: Symbol pin or wire end off connection grid
    ; warning
    @(335.915 mm, 55.245 mm): Symbol #PWR062 Pin 1 [Power input, Line]
[endpoint_off_grid]: Symbol pin or wire end off connection grid
    ; warning
    @(335.915 mm, 57.785 mm): Horizontal Wire, length 2.54 mm
[endpoint_off_grid]: Symbol pin or wire end off connection grid
    ; warning
    @(338.455 mm, 29.845 mm): Horizontal Wire, length 5.08 mm
[endpoint_off_grid]: Symbol pin or wire end off connection grid
    ; warning
    @(338.455 mm, 29.845 mm): Vertical Wire, length 1.27 mm
[endpoint_off_grid]: Symbol pin or wire end off connection grid
    ; warning
    @(338.455 mm, 43.815 mm): Vertical Wire, length 1.27 mm
[endpoint_off_grid]: Symbol pin or wire end off connection grid
    ; warning
    @(338.455 mm, 43.815 mm): Symbol D1 Pin 2 [A, Unspecified, Line]
[endpoint_off_grid]: Symbol pin or wire end off connection grid
    ; warning
    @(338.455 mm, 45.085 mm): Horizontal Wire, length 5.08 mm
[endpoint_off_grid]: Symbol pin or wire end off connection grid
    ; warning
    @(338.455 mm, 57.785 mm): Vertical Wire, length 1.27 mm
[endpoint_off_grid]: Symbol pin or wire end off connection grid
    ; warning
    @(338.455 mm, 57.785 mm): Horizontal Wire, length 5.08 mm
[endpoint_off_grid]: Symbol pin or wire end off connection grid
    ; warning
    @(338.455 mm, 71.755 mm): Vertical Wire, length 1.27 mm
[endpoint_off_grid]: Symbol pin or wire end off connection grid
    ; warning
    @(338.455 mm, 71.755 mm): Symbol D2 Pin 2 [A, Unspecified, Line]
[endpoint_off_grid]: Symbol pin or wire end off connection grid
    ; warning
    @(338.455 mm, 73.025 mm): Horizontal Wire, length 5.08 mm
[endpoint_off_grid]: Symbol pin or wire end off connection grid
    ; warning
    @(342.90 mm, 231.775 mm): Vertical Wire, length 8.255 mm
[endpoint_off_grid]: Symbol pin or wire end off connection grid
    ; warning
    @(342.90 mm, 241.935 mm): Symbol FH1 Pin 2 [2, Unspecified, Line]
[endpoint_off_grid]: Symbol pin or wire end off connection grid
    ; warning
    @(342.90 mm, 243.84 mm): Vertical Wire, length 1.905 mm
[endpoint_off_grid]: Symbol pin or wire end off connection grid
    ; warning
    @(348.615 mm, 227.33 mm): Vertical Wire, length 5.715 mm
[endpoint_off_grid]: Symbol pin or wire end off connection grid
    ; warning
    @(348.615 mm, 227.33 mm): Horizontal Wire, length 3.175 mm
[endpoint_off_grid]: Symbol pin or wire end off connection grid
    ; warning
    @(348.615 mm, 233.045 mm): Symbol #PWR063 Pin 1 [Power input, Line]
[endpoint_off_grid]: Symbol pin or wire end off connection grid
    ; warning
    @(358.775 mm, 223.52 mm): Horizontal Wire, length 15.875 mm
[endpoint_off_grid]: Symbol pin or wire end off connection grid
    ; warning
    @(342.90 mm, 223.52 mm): Horizontal Wire, length 15.875 mm
[endpoint_off_grid]: Symbol pin or wire end off connection grid
    ; warning
    @(358.775 mm, 233.045 mm): Vertical Wire, length 9.525 mm
[endpoint_off_grid]: Symbol pin or wire end off connection grid
    ; warning
    @(361.315 mm, 42.545 mm): Horizontal Wire, length 7.62 mm
[endpoint_off_grid]: Symbol pin or wire end off connection grid
    ; warning
    @(361.315 mm, 42.545 mm): Symbol RLY1 Pin 3 [3, Unspecified, Line]
[endpoint_off_grid]: Symbol pin or wire end off connection grid
    ; warning
    @(361.315 mm, 70.485 mm): Symbol RLY2 Pin 3 [3, Unspecified, Line]
[endpoint_off_grid]: Symbol pin or wire end off connection grid
    ; warning
    @(361.315 mm, 70.485 mm): Horizontal Wire, length 8.255 mm
[endpoint_off_grid]: Symbol pin or wire end off connection grid
    ; warning
    @(363.22 mm, 233.045 mm): Horizontal Wire, length 4.445 mm
[endpoint_off_grid]: Symbol pin or wire end off connection grid
    ; warning
    @(363.855 mm, 37.465 mm): Horizontal Wire, length 1.905 mm
[endpoint_off_grid]: Symbol pin or wire end off connection grid
    ; warning
    @(363.855 mm, 65.405 mm): Horizontal Wire, length 1.905 mm
[endpoint_off_grid]: Symbol pin or wire end off connection grid
    ; warning
    @(365.76 mm, 34.925 mm): Horizontal Wire, length 9.525 mm
[endpoint_off_grid]: Symbol pin or wire end off connection grid
    ; warning
    @(365.76 mm, 37.465 mm): Vertical Wire, length 2.54 mm
[endpoint_off_grid]: Symbol pin or wire end off connection grid
    ; warning
    @(365.76 mm, 65.405 mm): Vertical Wire, length 2.54 mm
[endpoint_off_grid]: Symbol pin or wire end off connection grid
    ; warning
    @(365.76 mm, 67.945 mm): Horizontal Wire, length 9.525 mm
[endpoint_off_grid]: Symbol pin or wire end off connection grid
    ; warning
    @(367.03 mm, 37.465 mm): Horizontal Wire, length 8.255 mm
[endpoint_off_grid]: Symbol pin or wire end off connection grid
    ; warning
    @(367.03 mm, 65.405 mm): Horizontal Wire, length 8.255 mm
[endpoint_off_grid]: Symbol pin or wire end off connection grid
    ; warning
    @(367.665 mm, 113.03 mm): Horizontal Wire, length 8.255 mm
[endpoint_off_grid]: Symbol pin or wire end off connection grid
    ; warning
    @(367.665 mm, 115.57 mm): Horizontal Wire, length 8.255 mm
[endpoint_off_grid]: Symbol pin or wire end off connection grid
    ; warning
    @(367.665 mm, 127.00 mm): Horizontal Wire, length 8.255 mm
[endpoint_off_grid]: Symbol pin or wire end off connection grid
    ; warning
    @(367.665 mm, 129.54 mm): Horizontal Wire, length 8.255 mm
[endpoint_off_grid]: Symbol pin or wire end off connection grid
    ; warning
    @(368.935 mm, 32.385 mm): Horizontal Wire, length 7.62 mm
[endpoint_off_grid]: Symbol pin or wire end off connection grid
    ; warning
    @(369.57 mm, 60.325 mm): Horizontal Wire, length 8.255 mm
[endpoint_off_grid]: Symbol pin or wire end off connection grid
    ; warning
    @(370.205 mm, 149.86 mm): Horizontal Wire, length 6.985 mm
[endpoint_off_grid]: Symbol pin or wire end off connection grid
    ; warning
    @(370.205 mm, 152.40 mm): Horizontal Wire, length 6.985 mm
[endpoint_off_grid]: Symbol pin or wire end off connection grid
    ; warning
    @(370.205 mm, 161.925 mm): Horizontal Wire, length 6.985 mm
[endpoint_off_grid]: Symbol pin or wire end off connection grid
    ; warning
    @(370.205 mm, 173.99 mm): Horizontal Wire, length 6.985 mm
[endpoint_off_grid]: Symbol pin or wire end off connection grid
    ; warning
    @(377.19 mm, 176.53 mm): Horizontal Wire, length 6.985 mm
[endpoint_off_grid]: Symbol pin or wire end off connection grid
    ; warning
    @(370.205 mm, 185.42 mm): Horizontal Wire, length 6.985 mm
[endpoint_off_grid]: Symbol pin or wire end off connection grid
    ; warning
    @(377.19 mm, 187.96 mm): Horizontal Wire, length 6.985 mm
[endpoint_off_grid]: Symbol pin or wire end off connection grid
    ; warning
    @(374.015 mm, 98.425 mm): Horizontal Wire, length 1.905 mm
[endpoint_off_grid]: Symbol pin or wire end off connection grid
    ; warning
    @(374.015 mm, 98.425 mm): Symbol #PWR064 Pin 1 [Power input, Line]
[endpoint_off_grid]: Symbol pin or wire end off connection grid
    ; warning
    @(374.015 mm, 100.965 mm): Horizontal Wire, length 1.905 mm
[endpoint_off_grid]: Symbol pin or wire end off connection grid
    ; warning
    @(374.015 mm, 100.965 mm): Symbol #PWR065 Pin 1 [Power input, Line]
[endpoint_off_grid]: Symbol pin or wire end off connection grid
    ; warning
    @(375.285 mm, 37.465 mm): Symbol CN3 Pin 2 [2, Unspecified, Line]
[endpoint_off_grid]: Symbol pin or wire end off connection grid
    ; warning
    @(367.03 mm, 49.53 mm): Horizontal Wire, length 8.255 mm
[endpoint_off_grid]: Symbol pin or wire end off connection grid
    ; warning
    @(375.285 mm, 52.07 mm): Symbol CN4 Pin 2 [2, Unspecified, Line]
[endpoint_off_grid]: Symbol pin or wire end off connection grid
    ; warning
    @(367.03 mm, 52.07 mm): Horizontal Wire, length 8.255 mm
[endpoint_off_grid]: Symbol pin or wire end off connection grid
    ; warning
    @(375.285 mm, 67.945 mm): Symbol CN5 Pin 2 [2, Unspecified, Line]
[endpoint_off_grid]: Symbol pin or wire end off connection grid
    ; warning
    @(375.92 mm, 100.965 mm): Symbol CN10 Pin 2 [2, Unspecified, Line]
[endpoint_off_grid]: Symbol pin or wire end off connection grid
    ; warning
    @(377.19 mm, 164.465 mm): Horizontal Wire, length 6.985 mm
[endpoint_off_grid]: Symbol pin or wire end off connection grid
    ; warning
    @(377.19 mm, 164.465 mm): Symbol CN7 Pin 2 [2, Unspecified, Line]
[endpoint_off_grid]: Symbol pin or wire end off connection grid
    ; warning
    @(377.19 mm, 222.885 mm): Symbol #PWR066 Pin 1 [Power input, Line]
[endpoint_off_grid]: Symbol pin or wire end off connection grid
    ; warning
    @(377.19 mm, 222.885 mm): Vertical Wire, length 1.905 mm

***** Sheet /Terminal Blocks Interface/
[power_pin_not_driven]: Input Power pin not driven by any Output Power pins
    ; error
    @(23.114 mm, 143.891 mm): Symbol #PWR01 Pin 1 [Power input, Line]
[power_pin_not_driven]: Input Power pin not driven by any Output Power pins
    ; error
    @(37.084 mm, 116.332 mm): Symbol #PWR010 Pin 1 [Power input, Line]
[power_pin_not_driven]: Input Power pin not driven by any Output Power pins
    ; error
    @(72.517 mm, 160.274 mm): Symbol #PWR029 Pin 1 [Power input, Line]
[power_pin_not_driven]: Input Power pin not driven by any Output Power pins
    ; error
    @(335.915 mm, 27.305 mm): Symbol #PWR061 Pin 1 [Power input, Line]
[pin_to_pin]: Pins of type Unspecified and Passive are connected
    ; warning
    @(48.26 mm, 34.925 mm): Symbol U1 Pin 1 [~{INT}, Unspecified, Line]
    @(100.965 mm, 51.435 mm): Symbol R23 Pin 2 [Passive, Line]
[pin_to_pin]: Pins of type Unspecified and Unspecified are connected
    ; warning
    @(48.26 mm, 37.465 mm): Symbol U1 Pin 2 [A1, Unspecified, Line]
    @(48.26 mm, 40.005 mm): Symbol U1 Pin 3 [A2, Unspecified, Line]
[pin_to_pin]: Pins of type Unspecified and Power input are connected
    ; warning
    @(48.26 mm, 40.005 mm): Symbol U1 Pin 3 [A2, Unspecified, Line]
    @(42.545 mm, 37.465 mm): Symbol #PWR015 Pin 1 [Power input, Line]
[pin_to_pin]: Pins of type Unspecified and Passive are connected
    ; warning
    @(48.26 mm, 42.545 mm): Symbol U1 Pin 4 [P00, Unspecified, Line]
    @(24.384 mm, 95.377 mm): Symbol R5 Pin 1 [Passive, Line]
[pin_to_pin]: Pins of type Unspecified and Passive are connected
    ; warning
    @(48.26 mm, 45.085 mm): Symbol U1 Pin 5 [P01, Unspecified, Line]
    @(23.749 mm, 115.062 mm): Symbol R3 Pin 1 [Passive, Line]
[pin_to_pin]: Pins of type Unspecified and Passive are connected
    ; warning
    @(48.26 mm, 47.625 mm): Symbol U1 Pin 6 [P02, Unspecified, Line]
    @(24.511 mm, 193.294 mm): Symbol R6 Pin 1 [Passive, Line]
[pin_to_pin]: Pins of type Unspecified and Passive are connected
    ; warning
    @(48.26 mm, 50.165 mm): Symbol U1 Pin 7 [P03, Unspecified, Line]
    @(23.876 mm, 212.979 mm): Symbol R4 Pin 1 [Passive, Line]
[pin_to_pin]: Pins of type Unspecified and Passive are connected
    ; warning
    @(48.26 mm, 52.705 mm): Symbol U1 Pin 8 [P04, Unspecified, Line]
    @(50.419 mm, 125.222 mm): Symbol R18 Pin 2 [Passive, Line]
[pin_to_pin]: Pins of type Unspecified and Passive are connected
    ; warning
    @(48.26 mm, 55.245 mm): Symbol U1 Pin 9 [P05, Unspecified, Line]
    @(37.084 mm, 125.222 mm): Symbol R12 Pin 2 [Passive, Line]
[pin_to_pin]: Pins of type Unspecified and Passive are connected
    ; warning
    @(48.26 mm, 57.785 mm): Symbol U1 Pin 10 [P06, Unspecified, Line]
    @(50.546 mm, 223.139 mm): Symbol R21 Pin 2 [Passive, Line]
[pin_to_pin]: Pins of type Unspecified and Passive are connected
    ; warning
    @(48.26 mm, 60.325 mm): Symbol U1 Pin 11 [P07, Unspecified, Line]
    @(37.211 mm, 223.139 mm): Symbol R15 Pin 2 [Passive, Line]
[pin_to_pin]: Pins of type Unspecified and Power input are connected
    ; warning
    @(48.26 mm, 62.865 mm): Symbol U1 Pin 12 [GND, Unspecified, Line]
    @(43.18 mm, 62.865 mm): Symbol #PWR018 Pin 1 [Power input, Line]
[pin_to_pin]: Pins of type Unspecified and Power input are connected
    ; warning
    @(68.58 mm, 34.925 mm): Symbol U1 Pin 24 [VCC, Unspecified, Line]
    @(78.105 mm, 34.925 mm): Symbol #PWR040 Pin 1 [Power input, Line]
[pin_to_pin]: Pins of type Unspecified and Unspecified are connected
    ; warning
    @(68.58 mm, 37.465 mm): Symbol U1 Pin 23 [SDA, Unspecified, Line]
    @(175.26 mm, 262.255 mm): Symbol U4 Pin 9 [SDA, Unspecified, Line]
[pin_to_pin]: Pins of type Unspecified and Unspecified are connected
    ; warning
    @(68.58 mm, 40.005 mm): Symbol U1 Pin 22 [SCL, Unspecified, Line]
    @(175.26 mm, 259.715 mm): Symbol U4 Pin 10 [SCL, Unspecified, Line]
[pin_to_pin]: Pins of type Unspecified and Power input are connected
    ; warning
    @(68.58 mm, 42.545 mm): Symbol U1 Pin 21 [A0, Unspecified, Line]
    @(77.47 mm, 42.545 mm): Symbol #PWR039 Pin 1 [Power input, Line]
[pin_to_pin]: Pins of type Unspecified and Passive are connected
    ; warning
    @(68.58 mm, 45.085 mm): Symbol U1 Pin 20 [P17, Unspecified, Line]
    @(290.195 mm, 62.23 mm): Symbol R41 Pin 1 [Passive, Line]
[pin_to_pin]: Pins of type Unspecified and Passive are connected
    ; warning
    @(68.58 mm, 47.625 mm): Symbol U1 Pin 19 [P16, Unspecified, Line]
    @(290.195 mm, 34.29 mm): Symbol R40 Pin 1 [Passive, Line]
[pin_to_pin]: Pins of type Unspecified and Unspecified are connected
    ; warning
    @(68.58 mm, 50.165 mm): Symbol U1 Pin 18 [P15, Unspecified, Line]
    @(76.20 mm, 236.855 mm): Symbol U3 Pin 14 [LATCH, Unspecified, Line]
[pin_to_pin]: Pins of type Unspecified and Unspecified are connected
    ; warning
    @(68.58 mm, 52.705 mm): Symbol U1 Pin 17 [P14, Unspecified, Line]
    @(76.073 mm, 138.938 mm): Symbol U2 Pin 14 [LATCH, Unspecified, Line]
[pin_to_pin]: Pins of type Unspecified and Passive are connected
    ; warning
    @(68.58 mm, 55.245 mm): Symbol U1 Pin 16 [P13, Unspecified, Line]
    @(23.241 mm, 232.664 mm): Symbol R2 Pin 1 [Passive, Line]
[pin_to_pin]: Pins of type Unspecified and Unspecified are connected
    ; warning
    @(68.58 mm, 57.785 mm): Symbol U1 Pin 15 [P12, Unspecified, Line]
    @(76.073 mm, 141.478 mm): Symbol U2 Pin 13 [SEL, Unspecified, Line]
[pin_to_pin]: Pins of type Unspecified and Passive are connected
    ; warning
    @(68.58 mm, 60.325 mm): Symbol U1 Pin 14 [P11, Unspecified, Line]
    @(37.211 mm, 232.664 mm): Symbol R16 Pin 1 [Passive, Line]
[pin_to_pin]: Pins of type Unspecified and Passive are connected
    ; warning
    @(68.58 mm, 62.865 mm): Symbol U1 Pin 13 [P10, Unspecified, Line]
    @(37.084 mm, 134.747 mm): Symbol R13 Pin 1 [Passive, Line]
[pin_to_pin]: Pins of type Unspecified and Power input are connected
    ; warning
    @(76.073 mm, 113.538 mm): Symbol U2 Pin 24 [VS, Unspecified, Line]
    @(73.533 mm, 114.808 mm): Symbol #PWR033 Pin 1 [Power input, Line]
[pin_to_pin]: Pins of type Unspecified and Unspecified are connected
    ; warning
    @(76.073 mm, 116.078 mm): Symbol U2 Pin 23 [VS, Unspecified, Line]
    @(76.073 mm, 113.538 mm): Symbol U2 Pin 24 [VS, Unspecified, Line]
[pin_to_pin]: Pins of type Unspecified and Passive are connected
    ; warning
    @(76.073 mm, 121.158 mm): Symbol U2 Pin 21 [ILIM1, Unspecified, Line]
    @(50.292 mm, 95.504 mm): Symbol R17 Pin 1 [Passive, Line]
[pin_to_pin]: Pins of type Unspecified and Passive are connected
    ; warning
    @(76.073 mm, 123.698 mm): Symbol U2 Pin 20 [ILIM2, Unspecified, Line]
    @(37.084 mm, 95.25 mm): Symbol R11 Pin 1 [Passive, Line]
[pin_to_pin]: Pins of type Unspecified and Power input are connected
    ; warning
    @(76.073 mm, 126.238 mm): Symbol U2 Pin 19 [VDD, Unspecified, Line]
    @(75.438 mm, 126.238 mm): Symbol #PWR035 Pin 1 [Power input, Line]
[pin_to_pin]: Pins of type Unspecified and Passive are connected
    ; warning
    @(76.073 mm, 128.778 mm): Symbol U2 Pin 18 [FLT2, Unspecified, Line]
    @(37.084 mm, 125.222 mm): Symbol R12 Pin 2 [Passive, Line]
[pin_to_pin]: Pins of type Unspecified and Power input are connected
    ; warning
    @(76.073 mm, 131.318 mm): Symbol U2 Pin 17 [GND, Unspecified, Line]
    @(75.438 mm, 131.318 mm): Symbol #PWR036 Pin 1 [Power input, Line]
[pin_to_pin]: Pins of type Unspecified and Passive are connected
    ; warning
    @(76.073 mm, 133.858 mm): Symbol U2 Pin 16 [EN1, Unspecified, Line]
    @(24.384 mm, 95.377 mm): Symbol R5 Pin 1 [Passive, Line]
[pin_to_pin]: Pins of type Unspecified and Passive are connected
    ; warning
    @(76.073 mm, 136.398 mm): Symbol U2 Pin 15 [EN2, Unspecified, Line]
    @(23.749 mm, 115.062 mm): Symbol R3 Pin 1 [Passive, Line]
[pin_to_pin]: Pins of type Unspecified and Passive are connected
    ; warning
    @(76.073 mm, 138.938 mm): Symbol U2 Pin 14 [LATCH, Unspecified, Line]
    @(50.419 mm, 143.764 mm): Symbol R19 Pin 2 [Passive, Line]
[pin_to_pin]: Pins of type Unspecified and Passive are connected
    ; warning
    @(76.073 mm, 141.478 mm): Symbol U2 Pin 13 [SEL, Unspecified, Line]
    @(23.114 mm, 134.747 mm): Symbol R1 Pin 1 [Passive, Line]
[pin_to_pin]: Pins of type Unspecified and Power input are connected
    ; warning
    @(76.20 mm, 211.455 mm): Symbol U3 Pin 24 [VS, Unspecified, Line]
    @(73.66 mm, 212.725 mm): Symbol #PWR034 Pin 1 [Power input, Line]
[pin_to_pin]: Pins of type Unspecified and Unspecified are connected
    ; warning
    @(76.20 mm, 213.995 mm): Symbol U3 Pin 23 [VS, Unspecified, Line]
    @(76.20 mm, 211.455 mm): Symbol U3 Pin 24 [VS, Unspecified, Line]
[pin_to_pin]: Pins of type Unspecified and Passive are connected
    ; warning
    @(76.20 mm, 219.075 mm): Symbol U3 Pin 21 [ILIM1, Unspecified, Line]
    @(50.419 mm, 193.421 mm): Symbol R20 Pin 1 [Passive, Line]
[pin_to_pin]: Pins of type Unspecified and Passive are connected
    ; warning
    @(76.20 mm, 221.615 mm): Symbol U3 Pin 20 [ILIM2, Unspecified, Line]
    @(37.211 mm, 193.167 mm): Symbol R14 Pin 1 [Passive, Line]
[pin_to_pin]: Pins of type Unspecified and Power input are connected
    ; warning
    @(76.20 mm, 224.155 mm): Symbol U3 Pin 19 [VDD, Unspecified, Line]
    @(75.565 mm, 224.155 mm): Symbol #PWR037 Pin 1 [Power input, Line]
[pin_to_pin]: Pins of type Unspecified and Passive are connected
    ; warning
    @(76.20 mm, 226.695 mm): Symbol U3 Pin 18 [FLT2, Unspecified, Line]
    @(37.211 mm, 223.139 mm): Symbol R15 Pin 2 [Passive, Line]
[pin_to_pin]: Pins of type Unspecified and Power input are connected
    ; warning
    @(76.20 mm, 229.235 mm): Symbol U3 Pin 17 [GND, Unspecified, Line]
    @(75.565 mm, 229.235 mm): Symbol #PWR038 Pin 1 [Power input, Line]
[pin_to_pin]: Pins of type Unspecified and Passive are connected
    ; warning
    @(76.20 mm, 231.775 mm): Symbol U3 Pin 16 [EN1, Unspecified, Line]
    @(24.511 mm, 193.294 mm): Symbol R6 Pin 1 [Passive, Line]
[pin_to_pin]: Pins of type Unspecified and Passive are connected
    ; warning
    @(76.20 mm, 234.315 mm): Symbol U3 Pin 15 [EN2, Unspecified, Line]
    @(23.876 mm, 212.979 mm): Symbol R4 Pin 1 [Passive, Line]
[pin_to_pin]: Pins of type Unspecified and Passive are connected
    ; warning
    @(76.20 mm, 236.855 mm): Symbol U3 Pin 14 [LATCH, Unspecified, Line]
    @(50.546 mm, 241.681 mm): Symbol R22 Pin 2 [Passive, Line]
[pin_to_pin]: Pins of type Unspecified and Passive are connected
    ; warning
    @(76.20 mm, 239.395 mm): Symbol U3 Pin 13 [SEL, Unspecified, Line]
    @(23.241 mm, 232.664 mm): Symbol R2 Pin 1 [Passive, Line]
[pin_to_pin]: Pins of type Unspecified and Power input are connected
    ; warning
    @(90.043 mm, 108.458 mm): Symbol U2 Pin 25 [EP, Unspecified, Line]
    @(90.043 mm, 106.553 mm): Symbol #PWR041 Pin 1 [Power input, Line]
[pin_to_pin]: Pins of type Unspecified and Power input are connected
    ; warning
    @(90.17 mm, 206.375 mm): Symbol U3 Pin 25 [EP, Unspecified, Line]
    @(90.17 mm, 204.47 mm): Symbol #PWR042 Pin 1 [Power input, Line]
[pin_to_pin]: Pins of type Unspecified and Unspecified are connected
    ; warning
    @(104.013 mm, 113.538 mm): Symbol U2 Pin 1 [OUT1, Unspecified, Line]
    @(104.013 mm, 116.078 mm): Symbol U2 Pin 2 [OUT1, Unspecified, Line]
[pin_to_pin]: Pins of type Unspecified and Unspecified are connected
    ; warning
    @(104.013 mm, 116.078 mm): Symbol U2 Pin 2 [OUT1, Unspecified, Line]
    @(104.013 mm, 118.618 mm): Symbol U2 Pin 3 [OUT1, Unspecified, Line]
[pin_to_pin]: Pins of type Unspecified and Unspecified are connected
    ; warning
    @(104.013 mm, 123.698 mm): Symbol U2 Pin 5 [OUT2, Unspecified, Line]
    @(104.013 mm, 126.238 mm): Symbol U2 Pin 6 [OUT2, Unspecified, Line]
[pin_to_pin]: Pins of type Unspecified and Unspecified are connected
    ; warning
    @(104.013 mm, 126.238 mm): Symbol U2 Pin 6 [OUT2, Unspecified, Line]
    @(104.013 mm, 128.778 mm): Symbol U2 Pin 7 [OUT2, Unspecified, Line]
[pin_to_pin]: Pins of type Unspecified and Unspecified are connected
    ; warning
    @(104.013 mm, 131.318 mm): Symbol U2 Pin 8 [VS, Unspecified, Line]
    @(104.013 mm, 133.858 mm): Symbol U2 Pin 9 [VS, Unspecified, Line]
[pin_to_pin]: Pins of type Unspecified and Power input are connected
    ; warning
    @(104.013 mm, 133.858 mm): Symbol U2 Pin 9 [VS, Unspecified, Line]
    @(106.553 mm, 132.588 mm): Symbol #PWR044 Pin 1 [Power input, Line]
[pin_to_pin]: Pins of type Unspecified and Passive are connected
    ; warning
    @(104.013 mm, 136.398 mm): Symbol U2 Pin 10 [FLT1, Unspecified, Line]
    @(50.419 mm, 125.222 mm): Symbol R18 Pin 2 [Passive, Line]
[pin_to_pin]: Pins of type Unspecified and Passive are connected
    ; warning
    @(104.013 mm, 138.938 mm): Symbol U2 Pin 11 [SNS, Unspecified, Line]
    @(31.369 mm, 159.512 mm): Symbol R9 Pin 1 [Passive, Line]
[pin_to_pin]: Pins of type Unspecified and Passive are connected
    ; warning
    @(104.013 mm, 141.478 mm): Symbol U2 Pin 12 [DIA_EN, Unspecified, Line]
    @(37.084 mm, 134.747 mm): Symbol R13 Pin 1 [Passive, Line]
[pin_to_pin]: Pins of type Unspecified and Unspecified are connected
    ; warning
    @(104.14 mm, 211.455 mm): Symbol U3 Pin 1 [OUT1, Unspecified, Line]
    @(104.14 mm, 213.995 mm): Symbol U3 Pin 2 [OUT1, Unspecified, Line]
[pin_to_pin]: Pins of type Unspecified and Unspecified are connected
    ; warning
    @(104.14 mm, 213.995 mm): Symbol U3 Pin 2 [OUT1, Unspecified, Line]
    @(104.14 mm, 216.535 mm): Symbol U3 Pin 3 [OUT1, Unspecified, Line]
[pin_to_pin]: Pins of type Unspecified and Unspecified are connected
    ; warning
    @(104.14 mm, 221.615 mm): Symbol U3 Pin 5 [OUT2, Unspecified, Line]
    @(104.14 mm, 224.155 mm): Symbol U3 Pin 6 [OUT2, Unspecified, Line]
[pin_to_pin]: Pins of type Unspecified and Unspecified are connected
    ; warning
    @(104.14 mm, 224.155 mm): Symbol U3 Pin 6 [OUT2, Unspecified, Line]
    @(104.14 mm, 226.695 mm): Symbol U3 Pin 7 [OUT2, Unspecified, Line]
[pin_to_pin]: Pins of type Unspecified and Unspecified are connected
    ; warning
    @(104.14 mm, 229.235 mm): Symbol U3 Pin 8 [VS, Unspecified, Line]
    @(104.14 mm, 231.775 mm): Symbol U3 Pin 9 [VS, Unspecified, Line]
[pin_to_pin]: Pins of type Unspecified and Power input are connected
    ; warning
    @(104.14 mm, 231.775 mm): Symbol U3 Pin 9 [VS, Unspecified, Line]
    @(106.68 mm, 230.505 mm): Symbol #PWR045 Pin 1 [Power input, Line]
[pin_to_pin]: Pins of type Unspecified and Passive are connected
    ; warning
    @(104.14 mm, 234.315 mm): Symbol U3 Pin 10 [FLT1, Unspecified, Line]
    @(50.546 mm, 223.139 mm): Symbol R21 Pin 2 [Passive, Line]
[pin_to_pin]: Pins of type Unspecified and Passive are connected
    ; warning
    @(104.14 mm, 236.855 mm): Symbol U3 Pin 11 [SNS, Unspecified, Line]
    @(31.496 mm, 257.429 mm): Symbol R10 Pin 1 [Passive, Line]
[pin_to_pin]: Pins of type Unspecified and Passive are connected
    ; warning
    @(104.14 mm, 239.395 mm): Symbol U3 Pin 12 [DIA_EN, Unspecified, Line]
    @(37.211 mm, 232.664 mm): Symbol R16 Pin 1 [Passive, Line]
[multiple_net_names]: Both ~{GPIO_MUX_INT} and ~{MUX_INT} are attached to the same items; ~{GPIO_MUX_INT} will be used in the netlist
    ; warning
    @(100.965 mm, 64.77 mm): Label '~{GPIO_MUX_INT}'
    @(106.045 mm, 77.47 mm): Hierarchical Label '~{MUX_INT}'
[pin_to_pin]: Pins of type Unspecified and Unspecified are connected
    ; warning
    @(144.78 mm, 259.715 mm): Symbol U4 Pin 1 [ADDR, Unspecified, Line]
    @(144.78 mm, 264.795 mm): Symbol U4 Pin 3 [GND, Unspecified, Line]
[pin_to_pin]: Pins of type Unspecified and Bidirectional are connected
    ; warning
    @(144.78 mm, 262.255 mm): Symbol U4 Pin 2 [ALERT/RDY, Unspecified, Line]
    @(95.25 mm, 85.09 mm): Symbol U10 Pin 16 [IO12, Bidirectional, Line]
[pin_to_pin]: Pins of type Unspecified and Power input are connected
    ; warning
    @(144.78 mm, 264.795 mm): Symbol U4 Pin 3 [GND, Unspecified, Line]
    @(137.16 mm, 264.795 mm): Symbol #PWR047 Pin 1 [Power input, Line]
[pin_to_pin]: Pins of type Unspecified and Passive are connected
    ; warning
    @(144.78 mm, 267.335 mm): Symbol U4 Pin 4 [AIN0, Unspecified, Line]
    @(42.799 mm, 161.417 mm): Symbol C1 Pin 1 [Passive, Line]
[pin_to_pin]: Pins of type Unspecified and Passive are connected
    ; warning
    @(144.78 mm, 269.875 mm): Symbol U4 Pin 5 [AIN1, Unspecified, Line]
    @(42.926 mm, 259.334 mm): Symbol C2 Pin 1 [Passive, Line]
[pin_to_pin]: Pins of type Unspecified and Unspecified are connected
    ; warning
    @(175.26 mm, 259.715 mm): Symbol U4 Pin 10 [SCL, Unspecified, Line]
    @(147.32 mm, 273.05 mm): Symbol U12 Pin 3 [SCL, Unspecified, Line]
[pin_to_pin]: Pins of type Unspecified and Unspecified are connected
    ; warning
    @(175.26 mm, 262.255 mm): Symbol U4 Pin 9 [SDA, Unspecified, Line]
    @(165.10 mm, 273.05 mm): Symbol U12 Pin 4 [SDA, Unspecified, Line]
[pin_to_pin]: Pins of type Unspecified and Power input are connected
    ; warning
    @(175.26 mm, 264.795 mm): Symbol U4 Pin 8 [VDD, Unspecified, Line]
    @(179.705 mm, 264.795 mm): Symbol #PWR048 Pin 1 [Power input, Line]
[pin_to_pin]: Pins of type Unspecified and Unspecified are connected
    ; warning
    @(175.26 mm, 269.875 mm): Symbol U4 Pin 6 [AIN2, Unspecified, Line]
    @(116.205 mm, 196.85 mm): Symbol U16 Pin 13 [IMON, Unspecified, Line]
[pin_to_pin]: Pins of type Unspecified and Passive are connected
    ; warning
    @(183.642 mm, 31.877 mm): Symbol U5 Pin 1 [1, Unspecified, Line]
    @(172.212 mm, 30.607 mm): Symbol R24 Pin 2 [Passive, Line]
[pin_to_pin]: Pins of type Unspecified and Passive are connected
    ; warning
    @(183.642 mm, 36.957 mm): Symbol U5 Pin 2 [2, Unspecified, Line]
    @(181.102 mm, 40.132 mm): Symbol R28 Pin 2 [Passive, Line]
[pin_to_pin]: Pins of type Unspecified and Passive are connected
    ; warning
    @(183.642 mm, 61.087 mm): Symbol U6 Pin 1 [1, Unspecified, Line]
    @(172.212 mm, 59.817 mm): Symbol R25 Pin 2 [Passive, Line]
[pin_to_pin]: Pins of type Unspecified and Passive are connected
    ; warning
    @(183.642 mm, 66.167 mm): Symbol U6 Pin 2 [2, Unspecified, Line]
    @(181.102 mm, 69.342 mm): Symbol R29 Pin 2 [Passive, Line]
[pin_to_pin]: Pins of type Unspecified and Passive are connected
    ; warning
    @(183.642 mm, 89.027 mm): Symbol U7 Pin 1 [1, Unspecified, Line]
    @(172.212 mm, 87.757 mm): Symbol R26 Pin 2 [Passive, Line]
[pin_to_pin]: Pins of type Unspecified and Passive are connected
    ; warning
    @(183.642 mm, 94.107 mm): Symbol U7 Pin 2 [2, Unspecified, Line]
    @(181.102 mm, 97.282 mm): Symbol R30 Pin 2 [Passive, Line]
[pin_to_pin]: Pins of type Unspecified and Passive are connected
    ; warning
    @(183.642 mm, 118.872 mm): Symbol U8 Pin 1 [1, Unspecified, Line]
    @(172.212 mm, 117.602 mm): Symbol R27 Pin 2 [Passive, Line]
[pin_to_pin]: Pins of type Unspecified and Passive are connected
    ; warning
    @(183.642 mm, 123.952 mm): Symbol U8 Pin 2 [2, Unspecified, Line]
    @(181.102 mm, 127.127 mm): Symbol R31 Pin 2 [Passive, Line]
[pin_to_pin]: Pins of type Unspecified and Power input are connected
    ; warning
    @(214.122 mm, 31.877 mm): Symbol U5 Pin 4 [4, Unspecified, Line]
    @(216.027 mm, 29.972 mm): Symbol #PWR049 Pin 1 [Power input, Line]
[pin_to_pin]: Pins of type Unspecified and Passive are connected
    ; warning
    @(214.122 mm, 36.957 mm): Symbol U5 Pin 3 [3, Unspecified, Line]
    @(216.027 mm, 38.227 mm): Symbol R32 Pin 2 [Passive, Line]
[pin_to_pin]: Pins of type Unspecified and Power input are connected
    ; warning
    @(214.122 mm, 61.087 mm): Symbol U6 Pin 4 [4, Unspecified, Line]
    @(216.027 mm, 59.182 mm): Symbol #PWR050 Pin 1 [Power input, Line]
[pin_to_pin]: Pins of type Unspecified and Passive are connected
    ; warning
    @(214.122 mm, 66.167 mm): Symbol U6 Pin 3 [3, Unspecified, Line]
    @(216.027 mm, 67.437 mm): Symbol R33 Pin 2 [Passive, Line]
[pin_to_pin]: Pins of type Unspecified and Power input are connected
    ; warning
    @(214.122 mm, 89.027 mm): Symbol U7 Pin 4 [4, Unspecified, Line]
    @(216.027 mm, 87.122 mm): Symbol #PWR051 Pin 1 [Power input, Line]
[pin_to_pin]: Pins of type Unspecified and Passive are connected
    ; warning
    @(214.122 mm, 94.107 mm): Symbol U7 Pin 3 [3, Unspecified, Line]
    @(216.027 mm, 95.377 mm): Symbol R34 Pin 2 [Passive, Line]
[pin_to_pin]: Pins of type Unspecified and Power input are connected
    ; warning
    @(214.122 mm, 118.872 mm): Symbol U8 Pin 4 [4, Unspecified, Line]
    @(216.027 mm, 116.967 mm): Symbol #PWR052 Pin 1 [Power input, Line]
[pin_to_pin]: Pins of type Unspecified and Passive are connected
    ; warning
    @(214.122 mm, 123.952 mm): Symbol U8 Pin 3 [3, Unspecified, Line]
    @(216.027 mm, 125.222 mm): Symbol R35 Pin 2 [Passive, Line]
[multiple_net_names]: Both MCU_DI[1..4] and MCU_DI are attached to the same items; MCU_DI[1..4] will be used in the netlist
    ; warning
    @(238.887 mm, 37.592 mm): Label 'MCU_DI[1..4]'
    @(245.872 mm, 24.892 mm): Hierarchical Label 'MCU_DI'
[pin_to_pin]: Pins of type Unspecified and Passive are connected
    ; warning
    @(302.26 mm, 34.29 mm): Symbol Q1 Pin 1 [G, Unspecified, Line]
    @(299.72 mm, 36.195 mm): Symbol R42 Pin 2 [Passive, Line]
[pin_to_pin]: Pins of type Unspecified and Passive are connected
    ; warning
    @(302.26 mm, 62.23 mm): Symbol Q2 Pin 1 [G, Unspecified, Line]
    @(299.72 mm, 64.135 mm): Symbol R43 Pin 2 [Passive, Line]
[pin_to_pin]: Pins of type Unspecified and Unspecified are connected
    ; warning
    @(309.88 mm, 29.21 mm): Symbol Q1 Pin 3 [D, Unspecified, Line]
    @(343.535 mm, 45.085 mm): Symbol RLY1 Pin 1 [1, Unspecified, Line]
[pin_to_pin]: Pins of type Unspecified and Power input are connected
    ; warning
    @(309.88 mm, 39.37 mm): Symbol Q1 Pin 2 [S, Unspecified, Line]
    @(309.88 mm, 40.64 mm): Symbol #PWR059 Pin 1 [Power input, Line]
[pin_to_pin]: Pins of type Unspecified and Unspecified are connected
    ; warning
    @(309.88 mm, 57.15 mm): Symbol Q2 Pin 3 [D, Unspecified, Line]
    @(343.535 mm, 73.025 mm): Symbol RLY2 Pin 1 [1, Unspecified, Line]
[pin_to_pin]: Pins of type Unspecified and Power input are connected
    ; warning
    @(309.88 mm, 67.31 mm): Symbol Q2 Pin 2 [S, Unspecified, Line]
    @(309.88 mm, 68.58 mm): Symbol #PWR060 Pin 1 [Power input, Line]
[pin_to_pin]: Pins of type Unspecified and Power input are connected
    ; warning
    @(338.455 mm, 31.115 mm): Symbol D1 Pin 1 [K, Unspecified, Line]
    @(335.915 mm, 27.305 mm): Symbol #PWR061 Pin 1 [Power input, Line]
[pin_to_pin]: Pins of type Unspecified and Unspecified are connected
    ; warning
    @(338.455 mm, 43.815 mm): Symbol D1 Pin 2 [A, Unspecified, Line]
    @(343.535 mm, 45.085 mm): Symbol RLY1 Pin 1 [1, Unspecified, Line]
[pin_to_pin]: Pins of type Unspecified and Power input are connected
    ; warning
    @(338.455 mm, 59.055 mm): Symbol D2 Pin 1 [K, Unspecified, Line]
    @(335.915 mm, 55.245 mm): Symbol #PWR062 Pin 1 [Power input, Line]
[pin_to_pin]: Pins of type Unspecified and Unspecified are connected
    ; warning
    @(338.455 mm, 71.755 mm): Symbol D2 Pin 2 [A, Unspecified, Line]
    @(343.535 mm, 73.025 mm): Symbol RLY2 Pin 1 [1, Unspecified, Line]
[pin_to_pin]: Pins of type Unspecified and Unspecified are connected
    ; warning
    @(342.90 mm, 220.98 mm): Symbol CN1 Pin 1 [1, Unspecified, Line]
    @(342.90 mm, 231.775 mm): Symbol FH1 Pin 1 [1, Unspecified, Line]
[pin_to_pin]: Pins of type Unspecified and Passive are connected
    ; warning
    @(342.90 mm, 231.775 mm): Symbol FH1 Pin 1 [1, Unspecified, Line]
    @(368.30 mm, 113.03 mm): Symbol TP30 Pin 1 [1, Passive, Line]
[pin_to_pin]: Pins of type Unspecified and Unspecified are connected
    ; warning
    @(342.90 mm, 241.935 mm): Symbol FH1 Pin 2 [2, Unspecified, Line]
    @(116.205 mm, 186.69 mm): Symbol U16 Pin 5 [IN_SYS, Unspecified, Line]
[pin_to_pin]: Pins of type Unspecified and Power input are connected
    ; warning
    @(343.535 mm, 29.845 mm): Symbol RLY1 Pin 4 [4, Unspecified, Line]
    @(335.915 mm, 27.305 mm): Symbol #PWR061 Pin 1 [Power input, Line]
[pin_to_pin]: Pins of type Unspecified and Power input are connected
    ; warning
    @(343.535 mm, 57.785 mm): Symbol RLY2 Pin 4 [4, Unspecified, Line]
    @(335.915 mm, 55.245 mm): Symbol #PWR062 Pin 1 [Power input, Line]
[pin_to_pin]: Pins of type Unspecified and Power input are connected
    ; warning
    @(345.44 mm, 220.98 mm): Symbol CN1 Pin 2 [2, Unspecified, Line]
    @(348.615 mm, 233.045 mm): Symbol #PWR063 Pin 1 [Power input, Line]
[pin_to_pin]: Pins of type Unspecified and Unspecified are connected
    ; warning
    @(374.65 mm, 220.98 mm): Symbol CN2 Pin 1 [1, Unspecified, Line]
    @(342.90 mm, 231.775 mm): Symbol FH1 Pin 1 [1, Unspecified, Line]
[pin_to_pin]: Pins of type Unspecified and Unspecified are connected
    ; warning
    @(375.285 mm, 34.925 mm): Symbol CN3 Pin 1 [1, Unspecified, Line]
    @(363.855 mm, 37.465 mm): Symbol RLY1 Pin 5 [5, Unspecified, Line]
[pin_to_pin]: Pins of type Unspecified and Unspecified are connected
    ; warning
    @(375.285 mm, 37.465 mm): Symbol CN3 Pin 2 [2, Unspecified, Line]
    @(361.315 mm, 42.545 mm): Symbol RLY1 Pin 3 [3, Unspecified, Line]
[pin_to_pin]: Pins of type Unspecified and Unspecified are connected
    ; warning
    @(375.285 mm, 49.53 mm): Symbol CN4 Pin 1 [1, Unspecified, Line]
    @(361.315 mm, 70.485 mm): Symbol RLY2 Pin 3 [3, Unspecified, Line]
[pin_to_pin]: Pins of type Unspecified and Unspecified are connected
    ; warning
    @(375.285 mm, 52.07 mm): Symbol CN4 Pin 2 [2, Unspecified, Line]
    @(361.315 mm, 32.385 mm): Symbol RLY1 Pin 2 [2, Unspecified, Line]
[pin_to_pin]: Pins of type Unspecified and Unspecified are connected
    ; warning
    @(375.285 mm, 65.405 mm): Symbol CN5 Pin 1 [1, Unspecified, Line]
    @(361.315 mm, 60.325 mm): Symbol RLY2 Pin 2 [2, Unspecified, Line]
[pin_to_pin]: Pins of type Unspecified and Unspecified are connected
    ; warning
    @(375.285 mm, 67.945 mm): Symbol CN5 Pin 2 [2, Unspecified, Line]
    @(363.855 mm, 65.405 mm): Symbol RLY2 Pin 5 [5, Unspecified, Line]
[pin_to_pin]: Pins of type Unspecified and Power input are connected
    ; warning
    @(375.92 mm, 98.425 mm): Symbol CN10 Pin 1 [1, Unspecified, Line]
    @(374.015 mm, 98.425 mm): Symbol #PWR064 Pin 1 [Power input, Line]
[pin_to_pin]: Pins of type Unspecified and Power input are connected
    ; warning
    @(375.92 mm, 100.965 mm): Symbol CN10 Pin 2 [2, Unspecified, Line]
    @(374.015 mm, 100.965 mm): Symbol #PWR065 Pin 1 [Power input, Line]
[pin_to_pin]: Pins of type Unspecified and Unspecified are connected
    ; warning
    @(375.92 mm, 113.03 mm): Symbol CN13 Pin 1 [1, Unspecified, Line]
    @(104.013 mm, 113.538 mm): Symbol U2 Pin 1 [OUT1, Unspecified, Line]
[pin_to_pin]: Pins of type Unspecified and Unspecified are connected
    ; warning
    @(375.92 mm, 115.57 mm): Symbol CN13 Pin 2 [2, Unspecified, Line]
    @(104.013 mm, 123.698 mm): Symbol U2 Pin 5 [OUT2, Unspecified, Line]
[pin_to_pin]: Pins of type Unspecified and Unspecified are connected
    ; warning
    @(375.92 mm, 127.00 mm): Symbol CN14 Pin 1 [1, Unspecified, Line]
    @(104.14 mm, 211.455 mm): Symbol U3 Pin 1 [OUT1, Unspecified, Line]
[pin_to_pin]: Pins of type Unspecified and Unspecified are connected
    ; warning
    @(375.92 mm, 129.54 mm): Symbol CN14 Pin 2 [2, Unspecified, Line]
    @(104.14 mm, 221.615 mm): Symbol U3 Pin 5 [OUT2, Unspecified, Line]
[pin_to_pin]: Pins of type Unspecified and Unspecified are connected
    ; warning
    @(377.19 mm, 149.86 mm): Symbol CN6 Pin 1 [1, Unspecified, Line]
    @(377.19 mm, 161.925 mm): Symbol CN7 Pin 1 [1, Unspecified, Line]
[pin_to_pin]: Pins of type Unspecified and Passive are connected
    ; warning
    @(377.19 mm, 152.40 mm): Symbol CN6 Pin 2 [2, Unspecified, Line]
    @(173.482 mm, 40.132 mm): Symbol R28 Pin 1 [Passive, Line]
[pin_to_pin]: Pins of type Unspecified and Unspecified are connected
    ; warning
    @(377.19 mm, 161.925 mm): Symbol CN7 Pin 1 [1, Unspecified, Line]
    @(377.19 mm, 173.99 mm): Symbol CN8 Pin 1 [1, Unspecified, Line]
[pin_to_pin]: Pins of type Unspecified and Passive are connected
    ; warning
    @(377.19 mm, 164.465 mm): Symbol CN7 Pin 2 [2, Unspecified, Line]
    @(173.482 mm, 69.342 mm): Symbol R29 Pin 1 [Passive, Line]
[pin_to_pin]: Pins of type Unspecified and Unspecified are connected
    ; warning
    @(377.19 mm, 173.99 mm): Symbol CN8 Pin 1 [1, Unspecified, Line]
    @(377.19 mm, 185.42 mm): Symbol CN9 Pin 1 [1, Unspecified, Line]
[pin_to_pin]: Pins of type Unspecified and Passive are connected
    ; warning
    @(377.19 mm, 176.53 mm): Symbol CN8 Pin 2 [2, Unspecified, Line]
    @(173.482 mm, 97.282 mm): Symbol R30 Pin 1 [Passive, Line]
[pin_to_pin]: Pins of type Unspecified and Unspecified are connected
    ; warning
    @(377.19 mm, 185.42 mm): Symbol CN9 Pin 1 [1, Unspecified, Line]
    @(183.642 mm, 118.872 mm): Symbol U8 Pin 1 [1, Unspecified, Line]
[pin_to_pin]: Pins of type Unspecified and Passive are connected
    ; warning
    @(377.19 mm, 187.96 mm): Symbol CN9 Pin 2 [2, Unspecified, Line]
    @(173.482 mm, 127.127 mm): Symbol R31 Pin 1 [Passive, Line]
[pin_to_pin]: Pins of type Unspecified and Power input are connected
    ; warning
    @(377.19 mm, 220.98 mm): Symbol CN2 Pin 2 [2, Unspecified, Line]
    @(377.19 mm, 222.885 mm): Symbol #PWR066 Pin 1 [Power input, Line]

***** Sheet /MCU/
[power_pin_not_driven]: Input Power pin not driven by any Output Power pins
    ; error
    @(58.42 mm, 254.00 mm): Symbol #PWR073 Pin 1 [Power input, Line]
[power_pin_not_driven]: Input Power pin not driven by any Output Power pins
    ; error
    @(80.645 mm, 184.785 mm): Symbol #PWR079 Pin 1 [Power input, Line]
[pin_not_connected]: Pin not connected
    ; error
    @(95.25 mm, 49.53 mm): Symbol U10 Pin 45 [EN, Input, Line]
[pin_not_driven]: Input pin not driven by any Output pins
    ; error
    @(95.25 mm, 49.53 mm): Symbol U10 Pin 45 [EN, Input, Line]
[power_pin_not_driven]: Input Power pin not driven by any Output Power pins
    ; error
    @(233.299 mm, 80.264 mm): Symbol #PWR0106 Pin 1 [Power input, Line]
[pin_to_pin]: Pins of type Unspecified and Passive are connected
    ; warning
    @(42.545 mm, 186.69 mm): Symbol U9 Pin 2 [~{INT}, Unspecified, Line]
    @(33.02 mm, 208.915 mm): Symbol R44 Pin 1 [Passive, Line]
[pin_to_pin]: Pins of type Unspecified and Unspecified are connected
    ; warning
    @(42.545 mm, 189.23 mm): Symbol U9 Pin 3 [SCL, Unspecified, Line]
    @(147.32 mm, 273.05 mm): Symbol U12 Pin 3 [SCL, Unspecified, Line]
[pin_to_pin]: Pins of type Unspecified and Unspecified are connected
    ; warning
    @(42.545 mm, 191.77 mm): Symbol U9 Pin 4 [SDA, Unspecified, Line]
    @(165.10 mm, 273.05 mm): Symbol U12 Pin 4 [SDA, Unspecified, Line]
[pin_to_pin]: Pins of type Unspecified and Passive are connected
    ; warning
    @(48.895 mm, 142.24 mm): Symbol SW1 Pin 2 [2, Unspecified, Line]
    @(41.275 mm, 143.51 mm): Symbol C11 Pin 2 [Passive, Line]
[pin_to_pin]: Pins of type Unspecified and Unspecified are connected
    ; warning
    @(48.895 mm, 152.40 mm): Symbol SW1 Pin 1 [1, Unspecified, Line]
    @(48.895 mm, 142.24 mm): Symbol SW1 Pin 2 [2, Unspecified, Line]
[pin_to_pin]: Pins of type Unspecified and Power input are connected
    ; warning
    @(53.975 mm, 142.24 mm): Symbol SW1 Pin 4 [4, Unspecified, Line]
    @(53.975 mm, 140.97 mm): Symbol #PWR071 Pin 1 [Power input, Line]
[pin_to_pin]: Pins of type Unspecified and Power input are connected
    ; warning
    @(53.975 mm, 152.40 mm): Symbol SW1 Pin 3 [3, Unspecified, Line]
    @(53.975 mm, 153.67 mm): Symbol #PWR072 Pin 1 [Power input, Line]
[pin_to_pin]: Pins of type Unspecified and Power input are connected
    ; warning
    @(63.50 mm, 238.76 mm): Symbol USB1 Pin B1 [GND, Unspecified, Line]
    @(59.055 mm, 238.76 mm): Symbol #PWR074 Pin 1 [Power input, Line]
[pin_to_pin]: Pins of type Unspecified and Power input are connected
    ; warning
    @(63.50 mm, 241.30 mm): Symbol USB1 Pin B4 [VBUS, Unspecified, Line]
    @(59.055 mm, 241.30 mm): Symbol #PWR075 Pin 1 [Power input, Line]
[pin_to_pin]: Pins of type Unspecified and Passive are connected
    ; warning
    @(63.50 mm, 243.84 mm): Symbol USB1 Pin B5 [CC2, Unspecified, Line]
    @(51.435 mm, 243.84 mm): Symbol R46 Pin 2 [Passive, Line]
[pin_to_pin]: Pins of type Unspecified and Bidirectional are connected
    ; warning
    @(63.50 mm, 246.38 mm): Symbol USB1 Pin B6 [D+, Unspecified, Line]
    @(125.73 mm, 59.69 mm): Symbol U10 Pin 24 [USB_D+, Bidirectional, Line]
[pin_to_pin]: Pins of type Unspecified and Bidirectional are connected
    ; warning
    @(63.50 mm, 248.92 mm): Symbol USB1 Pin B7 [D-, Unspecified, Line]
    @(125.73 mm, 57.15 mm): Symbol U10 Pin 23 [USB_D-, Bidirectional, Line]
[pin_to_pin]: Pins of type Unspecified and Power input are connected
    ; warning
    @(63.50 mm, 254.00 mm): Symbol USB1 Pin B9 [VBUS, Unspecified, Line]
    @(58.42 mm, 254.00 mm): Symbol #PWR073 Pin 1 [Power input, Line]
[pin_to_pin]: Pins of type Unspecified and Power input are connected
    ; warning
    @(63.50 mm, 256.54 mm): Symbol USB1 Pin B12 [GND, Unspecified, Line]
    @(59.69 mm, 260.35 mm): Symbol #PWR076 Pin 1 [Power input, Line]
[pin_to_pin]: Pins of type Unspecified and Power input are connected
    ; warning
    @(73.025 mm, 184.15 mm): Symbol U9 Pin 8 [EVI, Unspecified, Line]
    @(74.93 mm, 193.04 mm): Symbol #PWR077 Pin 1 [Power input, Line]
[pin_to_pin]: Pins of type Unspecified and Power input are connected
    ; warning
    @(73.025 mm, 186.69 mm): Symbol U9 Pin 7 [VDD, Unspecified, Line]
    @(91.44 mm, 184.785 mm): Symbol #PWR084 Pin 1 [Power input, Line]
[pin_to_pin]: Pins of type Unspecified and Passive are connected
    ; warning
    @(73.025 mm, 189.23 mm): Symbol U9 Pin 6 [VBACKUP, Unspecified, Line]
    @(80.645 mm, 191.135 mm): Symbol C12 Pin 2 [Passive, Line]
[pin_to_pin]: Pins of type Unspecified and Power input are connected
    ; warning
    @(73.025 mm, 191.77 mm): Symbol U9 Pin 5 [VSS, Unspecified, Line]
    @(74.93 mm, 193.04 mm): Symbol #PWR077 Pin 1 [Power input, Line]
[pin_to_pin]: Pins of type Unspecified and Power input are connected
    ; warning
    @(74.93 mm, 261.62 mm): Symbol USB1 Pin 17 [EH, Unspecified, Line]
    @(74.93 mm, 264.16 mm): Symbol #PWR078 Pin 1 [Power input, Line]
[pin_to_pin]: Pins of type Unspecified and Power input are connected
    ; warning
    @(86.36 mm, 238.76 mm): Symbol USB1 Pin A12 [GND, Unspecified, Line]
    @(90.805 mm, 238.76 mm): Symbol #PWR082 Pin 1 [Power input, Line]
[pin_to_pin]: Pins of type Unspecified and Power input are connected
    ; warning
    @(86.36 mm, 241.30 mm): Symbol USB1 Pin A9 [VBUS, Unspecified, Line]
    @(90.805 mm, 241.30 mm): Symbol #PWR083 Pin 1 [Power input, Line]
[pin_to_pin]: Pins of type Unspecified and Unspecified are connected
    ; warning
    @(86.36 mm, 246.38 mm): Symbol USB1 Pin A7 [D-, Unspecified, Line]
    @(63.50 mm, 248.92 mm): Symbol USB1 Pin B7 [D-, Unspecified, Line]
[pin_to_pin]: Pins of type Unspecified and Unspecified are connected
    ; warning
    @(86.36 mm, 248.92 mm): Symbol USB1 Pin A6 [D+, Unspecified, Line]
    @(63.50 mm, 246.38 mm): Symbol USB1 Pin B6 [D+, Unspecified, Line]
[pin_to_pin]: Pins of type Unspecified and Passive are connected
    ; warning
    @(86.36 mm, 251.46 mm): Symbol USB1 Pin A5 [CC1, Unspecified, Line]
    @(93.345 mm, 251.46 mm): Symbol R47 Pin 1 [Passive, Line]
[pin_to_pin]: Pins of type Unspecified and Power input are connected
    ; warning
    @(86.36 mm, 254.00 mm): Symbol USB1 Pin A4 [VBUS, Unspecified, Line]
    @(91.44 mm, 254.00 mm): Symbol #PWR086 Pin 1 [Power input, Line]
[pin_to_pin]: Pins of type Unspecified and Power input are connected
    ; warning
    @(86.36 mm, 256.54 mm): Symbol USB1 Pin A1 [GND, Unspecified, Line]
    @(89.535 mm, 260.35 mm): Symbol #PWR081 Pin 1 [Power input, Line]
[pin_to_pin]: Pins of type Unspecified and Power input are connected
    ; warning
    @(147.32 mm, 270.51 mm): Symbol U12 Pin 2 [VDD, Unspecified, Line]
    @(141.605 mm, 270.51 mm): Symbol #PWR094 Pin 1 [Power input, Line]
[pin_to_pin]: Pins of type Unspecified and Bidirectional are connected
    ; warning
    @(147.32 mm, 273.05 mm): Symbol U12 Pin 3 [SCL, Unspecified, Line]
    @(125.73 mm, 69.85 mm): Symbol U10 Pin 29 [IO34, Bidirectional, Line]
[pin_to_pin]: Pins of type Unspecified and Power input are connected
    ; warning
    @(165.10 mm, 270.51 mm): Symbol U12 Pin 5 [GND, Unspecified, Line]
    @(170.18 mm, 270.51 mm): Symbol #PWR099 Pin 1 [Power input, Line]
[pin_to_pin]: Pins of type Unspecified and Bidirectional are connected
    ; warning
    @(165.10 mm, 273.05 mm): Symbol U12 Pin 4 [SDA, Unspecified, Line]
    @(125.73 mm, 67.31 mm): Symbol U10 Pin 28 [IO33, Bidirectional, Line]
[pin_to_pin]: Pins of type Unspecified and Passive are connected
    ; warning
    @(167.64 mm, 142.24 mm): Symbol SW2 Pin 2 [2, Unspecified, Line]
    @(159.385 mm, 143.51 mm): Symbol C14 Pin 2 [Passive, Line]
[pin_to_pin]: Pins of type Unspecified and Unspecified are connected
    ; warning
    @(167.64 mm, 152.40 mm): Symbol SW2 Pin 1 [1, Unspecified, Line]
    @(167.64 mm, 142.24 mm): Symbol SW2 Pin 2 [2, Unspecified, Line]
[multiple_net_names]: Both MCU_DI[1..4] and MCU_DI are attached to the same items; MCU_DI[1..4] will be used in the netlist
    ; warning
    @(158.115 mm, 72.39 mm): Label 'MCU_DI[1..4]'
    @(172.085 mm, 72.39 mm): Hierarchical Label 'MCU_DI'
[pin_to_pin]: Pins of type Unspecified and Power input are connected
    ; warning
    @(172.72 mm, 142.24 mm): Symbol SW2 Pin 4 [4, Unspecified, Line]
    @(173.99 mm, 140.335 mm): Symbol #PWR0101 Pin 1 [Power input, Line]
[pin_to_pin]: Pins of type Unspecified and Power input are connected
    ; warning
    @(172.72 mm, 152.40 mm): Symbol SW2 Pin 3 [3, Unspecified, Line]
    @(172.72 mm, 153.67 mm): Symbol #PWR0100 Pin 1 [Power input, Line]
[pin_to_pin]: Pins of type Unspecified and Passive are connected
    ; warning
    @(257.175 mm, 241.30 mm): Symbol Card1 Pin 1 [DAT2, Unspecified, Line]
    @(257.81 mm, 218.44 mm): Symbol R58 Pin 1 [Passive, Line]
[pin_to_pin]: Pins of type Unspecified and Passive are connected
    ; warning
    @(257.175 mm, 243.84 mm): Symbol Card1 Pin 2 [CD/DAT3, Unspecified, Line]
    @(233.045 mm, 218.44 mm): Symbol R54 Pin 1 [Passive, Line]
[pin_to_pin]: Pins of type Unspecified and Passive are connected
    ; warning
    @(257.175 mm, 246.38 mm): Symbol Card1 Pin 3 [CMD, Unspecified, Line]
    @(220.345 mm, 217.805 mm): Symbol R53 Pin 1 [Passive, Line]
[pin_to_pin]: Pins of type Unspecified and Power input are connected
    ; warning
    @(257.175 mm, 248.92 mm): Symbol Card1 Pin 4 [VDD, Unspecified, Line]
    @(248.92 mm, 248.92 mm): Symbol #PWR0107 Pin 1 [Power input, Line]
[pin_to_pin]: Pins of type Unspecified and Bidirectional are connected
    ; warning
    @(257.175 mm, 251.46 mm): Symbol Card1 Pin 5 [CLX, Unspecified, Line]
    @(95.25 mm, 67.31 mm): Symbol U10 Pin 9 [IO5, Bidirectional, Line]
[pin_to_pin]: Pins of type Unspecified and Power input are connected
    ; warning
    @(257.175 mm, 254.00 mm): Symbol Card1 Pin 6 [VSS, Unspecified, Line]
    @(248.92 mm, 254.00 mm): Symbol #PWR0108 Pin 1 [Power input, Line]
[pin_to_pin]: Pins of type Unspecified and Passive are connected
    ; warning
    @(257.175 mm, 256.54 mm): Symbol Card1 Pin 7 [DAT0, Unspecified, Line]
    @(207.01 mm, 217.805 mm): Symbol R51 Pin 1 [Passive, Line]
[pin_to_pin]: Pins of type Unspecified and Passive are connected
    ; warning
    @(257.175 mm, 259.08 mm): Symbol Card1 Pin 8 [DAT1, Unspecified, Line]
    @(245.11 mm, 218.44 mm): Symbol R56 Pin 1 [Passive, Line]
[pin_to_pin]: Pins of type Unspecified and Passive are connected
    ; warning
    @(257.175 mm, 261.62 mm): Symbol Card1 Pin CD [CD, Unspecified, Line]
    @(207.01 mm, 263.525 mm): Symbol D5 Pin 1 [K, Passive, Line]
[pin_to_pin]: Pins of type Unspecified and Power input are connected
    ; warning
    @(272.415 mm, 236.22 mm): Symbol Card1 Pin 13 [13, Unspecified, Line]
    @(275.082 mm, 231.902 mm): Symbol #PWR0115 Pin 1 [Power input, Line]
[pin_to_pin]: Pins of type Unspecified and Power input are connected
    ; warning
    @(272.415 mm, 266.70 mm): Symbol Card1 Pin 10 [10, Unspecified, Line]
    @(275.082 mm, 270.637 mm): Symbol #PWR0116 Pin 1 [Power input, Line]
[pin_to_pin]: Pins of type Unspecified and Power input are connected
    ; warning
    @(277.495 mm, 236.22 mm): Symbol Card1 Pin 12 [12, Unspecified, Line]
    @(275.082 mm, 231.902 mm): Symbol #PWR0115 Pin 1 [Power input, Line]
[pin_to_pin]: Pins of type Unspecified and Power input are connected
    ; warning
    @(277.495 mm, 266.70 mm): Symbol Card1 Pin 11 [11, Unspecified, Line]
    @(275.082 mm, 270.637 mm): Symbol #PWR0116 Pin 1 [Power input, Line]
[pin_to_pin]: Pins of type Unspecified and Power input are connected
    ; warning
    @(278.384 mm, 53.594 mm): Symbol U13 Pin 3 [GND, Unspecified, Line]
    @(270.129 mm, 53.594 mm): Symbol #PWR0113 Pin 1 [Power input, Line]
[pin_to_pin]: Pins of type Unspecified and Unspecified are connected
    ; warning
    @(278.384 mm, 56.134 mm): Symbol U13 Pin 4 [D+, Unspecified, Line]
    @(340.995 mm, 114.30 mm): Symbol USB2 Pin B6 [D+, Unspecified, Line]
[pin_to_pin]: Pins of type Unspecified and Unspecified are connected
    ; warning
    @(278.384 mm, 58.674 mm): Symbol U13 Pin 5 [D-, Unspecified, Line]
    @(340.995 mm, 116.84 mm): Symbol USB2 Pin B7 [D-, Unspecified, Line]
[pin_to_pin]: Pins of type Unspecified and Unspecified are connected
    ; warning
    @(278.384 mm, 61.214 mm): Symbol U13 Pin 6 [VDD, Unspecified, Line]
    @(278.384 mm, 63.754 mm): Symbol U13 Pin 7 [VREGIN, Unspecified, Line]
[pin_to_pin]: Pins of type Unspecified and Passive are connected
    ; warning
    @(278.384 mm, 63.754 mm): Symbol U13 Pin 7 [VREGIN, Unspecified, Line]
    @(263.144 mm, 80.264 mm): Symbol R59 Pin 1 [Passive, Line]
[pin_to_pin]: Pins of type Unspecified and Passive are connected
    ; warning
    @(278.384 mm, 66.294 mm): Symbol U13 Pin 8 [VBUS, Unspecified, Line]
    @(257.429 mm, 83.439 mm): Symbol C17 Pin 1 [Passive, Line]
[pin_to_pin]: Pins of type Unspecified and Passive are connected
    ; warning
    @(278.384 mm, 68.834 mm): Symbol U13 Pin 9 [RSTb, Unspecified, Line]
    @(263.144 mm, 72.644 mm): Symbol R59 Pin 2 [Passive, Line]
[pin_to_pin]: Pins of type Unspecified and Passive are connected
    ; warning
    @(278.384 mm, 73.914 mm): Symbol U13 Pin 11 [SUSPENDb, Unspecified, Line]
    @(271.145 mm, 75.565 mm): Symbol R60 Pin 2 [Passive, Line]
[pin_to_pin]: Pins of type Unspecified and Power input are connected
    ; warning
    @(297.434 mm, 43.434 mm): Symbol U13 Pin 29 [EP, Unspecified, Line]
    @(292.862 mm, 42.164 mm): Symbol #PWR0119 Pin 1 [Power input, Line]
[pin_to_pin]: Pins of type Unspecified and Passive are connected
    ; warning
    @(316.484 mm, 48.514 mm): Symbol U13 Pin 28 [DTR, Unspecified, Line]
    @(353.06 mm, 53.975 mm): Symbol R62 Pin 2 [Passive, Line]
[pin_to_pin]: Pins of type Unspecified and Bidirectional are connected
    ; warning
    @(316.484 mm, 53.594 mm): Symbol U13 Pin 26 [TXD, Unspecified, Line]
    @(125.73 mm, 49.53 mm): Symbol U10 Pin 39 [TXD0, Bidirectional, Line]
[pin_to_pin]: Pins of type Unspecified and Bidirectional are connected
    ; warning
    @(316.484 mm, 56.134 mm): Symbol U13 Pin 25 [RXD, Unspecified, Line]
    @(125.73 mm, 52.07 mm): Symbol U10 Pin 40 [RXD0, Bidirectional, Line]
[pin_to_pin]: Pins of type Unspecified and Passive are connected
    ; warning
    @(316.484 mm, 58.674 mm): Symbol U13 Pin 24 [RTS, Unspecified, Line]
    @(353.06 mm, 72.39 mm): Symbol R63 Pin 2 [Passive, Line]
[pin_to_pin]: Pins of type Unspecified and Power input are connected
    ; warning
    @(340.995 mm, 106.68 mm): Symbol USB2 Pin B1 [GND, Unspecified, Line]
    @(336.55 mm, 106.68 mm): Symbol #PWR0124 Pin 1 [Power input, Line]
[pin_to_pin]: Pins of type Unspecified and Power input are connected
    ; warning
    @(340.995 mm, 109.22 mm): Symbol USB2 Pin B4 [VBUS, Unspecified, Line]
    @(336.55 mm, 109.22 mm): Symbol #PWR0125 Pin 1 [Power input, Line]
[pin_to_pin]: Pins of type Unspecified and Passive are connected
    ; warning
    @(340.995 mm, 111.76 mm): Symbol USB2 Pin B5 [CC2, Unspecified, Line]
    @(332.105 mm, 111.76 mm): Symbol R61 Pin 2 [Passive, Line]
[pin_to_pin]: Pins of type Unspecified and Power input are connected
    ; warning
    @(340.995 mm, 121.92 mm): Symbol USB2 Pin B9 [VBUS, Unspecified, Line]
    @(335.915 mm, 121.92 mm): Symbol #PWR0123 Pin 1 [Power input, Line]
[pin_to_pin]: Pins of type Unspecified and Power input are connected
    ; warning
    @(340.995 mm, 124.46 mm): Symbol USB2 Pin B12 [GND, Unspecified, Line]
    @(337.185 mm, 128.27 mm): Symbol #PWR0126 Pin 1 [Power input, Line]
[pin_to_pin]: Pins of type Unspecified and Power input are connected
    ; warning
    @(352.425 mm, 129.54 mm): Symbol USB2 Pin 17 [EH, Unspecified, Line]
    @(352.425 mm, 132.08 mm): Symbol #PWR0127 Pin 1 [Power input, Line]
[pin_to_pin]: Pins of type Unspecified and Passive are connected
    ; warning
    @(363.22 mm, 53.975 mm): Symbol Q3 Pin 1 [B, Unspecified, Line]
    @(360.68 mm, 53.975 mm): Symbol R62 Pin 1 [Passive, Line]
[pin_to_pin]: Pins of type Unspecified and Power input are connected
    ; warning
    @(363.855 mm, 106.68 mm): Symbol USB2 Pin A12 [GND, Unspecified, Line]
    @(368.30 mm, 106.68 mm): Symbol #PWR0129 Pin 1 [Power input, Line]
[pin_to_pin]: Pins of type Unspecified and Power input are connected
    ; warning
    @(363.855 mm, 109.22 mm): Symbol USB2 Pin A9 [VBUS, Unspecified, Line]
    @(368.30 mm, 109.22 mm): Symbol #PWR0130 Pin 1 [Power input, Line]
[pin_to_pin]: Pins of type Unspecified and Unspecified are connected
    ; warning
    @(363.855 mm, 114.30 mm): Symbol USB2 Pin A7 [D-, Unspecified, Line]
    @(340.995 mm, 116.84 mm): Symbol USB2 Pin B7 [D-, Unspecified, Line]
[pin_to_pin]: Pins of type Unspecified and Unspecified are connected
    ; warning
    @(363.855 mm, 116.84 mm): Symbol USB2 Pin A6 [D+, Unspecified, Line]
    @(340.995 mm, 114.30 mm): Symbol USB2 Pin B6 [D+, Unspecified, Line]
[pin_to_pin]: Pins of type Unspecified and Passive are connected
    ; warning
    @(363.855 mm, 119.38 mm): Symbol USB2 Pin A5 [CC1, Unspecified, Line]
    @(367.665 mm, 119.38 mm): Symbol R64 Pin 1 [Passive, Line]
[pin_to_pin]: Pins of type Unspecified and Power input are connected
    ; warning
    @(363.855 mm, 121.92 mm): Symbol USB2 Pin A4 [VBUS, Unspecified, Line]
    @(368.935 mm, 121.92 mm): Symbol #PWR0131 Pin 1 [Power input, Line]
[pin_to_pin]: Pins of type Unspecified and Power input are connected
    ; warning
    @(363.855 mm, 124.46 mm): Symbol USB2 Pin A1 [GND, Unspecified, Line]
    @(367.03 mm, 128.27 mm): Symbol #PWR0128 Pin 1 [Power input, Line]
[pin_to_pin]: Pins of type Unspecified and Unspecified are connected
    ; warning
    @(368.30 mm, 48.895 mm): Symbol Q3 Pin 3 [C, Unspecified, Line]
    @(48.895 mm, 142.24 mm): Symbol SW1 Pin 2 [2, Unspecified, Line]
[pin_to_pin]: Pins of type Unspecified and Passive are connected
    ; warning
    @(368.30 mm, 59.055 mm): Symbol Q3 Pin 2 [E, Unspecified, Line]
    @(353.06 mm, 72.39 mm): Symbol R63 Pin 2 [Passive, Line]
[pin_to_pin]: Pins of type Unspecified and Passive are connected
    ; warning
    @(368.30 mm, 72.39 mm): Symbol Q4 Pin 1 [B, Unspecified, Line]
    @(360.68 mm, 72.39 mm): Symbol R63 Pin 1 [Passive, Line]
[pin_to_pin]: Pins of type Unspecified and Passive are connected
    ; warning
    @(373.38 mm, 67.31 mm): Symbol Q4 Pin 2 [E, Unspecified, Line]
    @(353.06 mm, 53.975 mm): Symbol R62 Pin 2 [Passive, Line]
[pin_to_pin]: Pins of type Unspecified and Unspecified are connected
    ; warning
    @(373.38 mm, 77.47 mm): Symbol Q4 Pin 3 [C, Unspecified, Line]
    @(167.64 mm, 142.24 mm): Symbol SW2 Pin 2 [2, Unspecified, Line]

***** Sheet /Power/
[power_pin_not_driven]: Input Power pin not driven by any Output Power pins
    ; error
    @(177.165 mm, 231.775 mm): Symbol #PWR0172 Pin 1 [Power input, Line]
[power_pin_not_driven]: Input Power pin not driven by any Output Power pins
    ; error
    @(327.66 mm, 38.10 mm): Symbol #PWR0185 Pin 1 [Power input, Line]
[pin_to_pin]: Pins of type Unspecified and Power input are connected
    ; warning
    @(41.91 mm, 41.275 mm): Symbol F2 Pin 2 [2, Unspecified, Line]
    @(41.91 mm, 40.005 mm): Symbol #PWR0141 Pin 1 [Power input, Line]
[pin_to_pin]: Pins of type Unspecified and Passive are connected
    ; warning
    @(41.91 mm, 51.435 mm): Symbol F2 Pin 1 [1, Unspecified, Line]
    @(41.91 mm, 55.88 mm): Symbol C21 Pin 1 [Passive, Line]
[pin_to_pin]: Pins of type Unspecified and Passive are connected
    ; warning
    @(43.18 mm, 186.69 mm): Symbol D6 Pin 2 [2, Unspecified, Line]
    @(50.80 mm, 186.69 mm): Symbol C23 Pin 2 [Passive, Line]
[pin_to_pin]: Pins of type Unspecified and Power input are connected
    ; warning
    @(43.18 mm, 196.85 mm): Symbol D6 Pin 1 [1, Unspecified, Line]
    @(43.18 mm, 198.12 mm): Symbol #PWR0142 Pin 1 [Power input, Line]
[pin_to_pin]: Pins of type Unspecified and Passive are connected
    ; warning
    @(46.99 mm, 123.19 mm): Symbol U21 Pin 1 [1, Unspecified, Line]
    @(44.45 mm, 120.65 mm): Symbol R115 Pin 1 [Passive, Line]
[pin_to_pin]: Pins of type Unspecified and Power input are connected
    ; warning
    @(46.99 mm, 133.35 mm): Symbol U21 Pin 2 [2, Unspecified, Line]
    @(46.99 mm, 134.62 mm): Symbol #PWR0190 Pin 1 [Power input, Line]
[pin_to_pin]: Pins of type Unspecified and Unspecified are connected
    ; warning
    @(63.50 mm, 197.485 mm): Symbol Q5 Pin 3 [D, Unspecified, Line]
    @(69.215 mm, 191.77 mm): Symbol Q6 Pin 4 [G, Unspecified, Line]
[pin_to_pin]: Pins of type Unspecified and Passive are connected
    ; warning
    @(63.50 mm, 207.645 mm): Symbol Q5 Pin 2 [S, Unspecified, Line]
    @(81.28 mm, 210.82 mm): Symbol R71 Pin 1 [Passive, Line]
[pin_to_pin]: Pins of type Unspecified and Unspecified are connected
    ; warning
    @(69.215 mm, 184.15 mm): Symbol Q6 Pin 1 [S, Unspecified, Line]
    @(69.215 mm, 186.69 mm): Symbol Q6 Pin 2 [S, Unspecified, Line]
[pin_to_pin]: Pins of type Unspecified and Unspecified are connected
    ; warning
    @(69.215 mm, 186.69 mm): Symbol Q6 Pin 2 [S, Unspecified, Line]
    @(69.215 mm, 189.23 mm): Symbol Q6 Pin 3 [S, Unspecified, Line]
[pin_to_pin]: Pins of type Unspecified and Passive are connected
    ; warning
    @(69.215 mm, 189.23 mm): Symbol Q6 Pin 3 [S, Unspecified, Line]
    @(50.80 mm, 186.69 mm): Symbol C23 Pin 2 [Passive, Line]
[pin_to_pin]: Pins of type Unspecified and Unspecified are connected
    ; warning
    @(69.215 mm, 191.77 mm): Symbol Q6 Pin 4 [G, Unspecified, Line]
    @(116.205 mm, 184.15 mm): Symbol U16 Pin 3 [BGATE, Unspecified, Line]
[pin_to_pin]: Pins of type Unspecified and Unspecified are connected
    ; warning
    @(71.12 mm, 202.565 mm): Symbol Q5 Pin 1 [G, Unspecified, Line]
    @(144.145 mm, 184.15 mm): Symbol U16 Pin 4 [DRV, Unspecified, Line]
[pin_to_pin]: Pins of type Unspecified and Unspecified are connected
    ; warning
    @(84.455 mm, 181.61 mm): Symbol Q6 Pin 9 [D, Unspecified, Line]
    @(116.205 mm, 181.61 mm): Symbol U16 Pin 1 [IN, Unspecified, Line]
[pin_to_pin]: Pins of type Unspecified and Unspecified are connected
    ; warning
    @(84.455 mm, 184.15 mm): Symbol Q6 Pin 8 [D, Unspecified, Line]
    @(84.455 mm, 181.61 mm): Symbol Q6 Pin 9 [D, Unspecified, Line]
[pin_to_pin]: Pins of type Unspecified and Unspecified are connected
    ; warning
    @(84.455 mm, 186.69 mm): Symbol Q6 Pin 7 [D, Unspecified, Line]
    @(84.455 mm, 184.15 mm): Symbol Q6 Pin 8 [D, Unspecified, Line]
[pin_to_pin]: Pins of type Unspecified and Unspecified are connected
    ; warning
    @(84.455 mm, 189.23 mm): Symbol Q6 Pin 6 [D, Unspecified, Line]
    @(84.455 mm, 186.69 mm): Symbol Q6 Pin 7 [D, Unspecified, Line]
[pin_to_pin]: Pins of type Unspecified and Unspecified are connected
    ; warning
    @(84.455 mm, 191.77 mm): Symbol Q6 Pin 5 [D, Unspecified, Line]
    @(84.455 mm, 189.23 mm): Symbol Q6 Pin 6 [D, Unspecified, Line]
[pin_to_pin]: Pins of type Unspecified and Passive are connected
    ; warning
    @(94.615 mm, 51.435 mm): Symbol U15 Pin 1 [BOOT, Unspecified, Line]
    @(103.505 mm, 40.005 mm): Symbol C30 Pin 1 [Passive, Line]
[pin_to_pin]: Pins of type Unspecified and Passive are connected
    ; warning
    @(94.615 mm, 53.975 mm): Symbol U15 Pin 2 [VIN, Unspecified, Line]
    @(79.375 mm, 55.88 mm): Symbol R69 Pin 1 [Passive, Line]
[pin_to_pin]: Pins of type Unspecified and Passive are connected
    ; warning
    @(94.615 mm, 56.515 mm): Symbol U15 Pin 3 [EN, Unspecified, Line]
    @(79.375 mm, 63.50 mm): Symbol R69 Pin 2 [Passive, Line]
[pin_to_pin]: Pins of type Unspecified and Passive are connected
    ; warning
    @(94.615 mm, 59.055 mm): Symbol U15 Pin 4 [RT/CLK, Unspecified, Line]
    @(90.805 mm, 60.325 mm): Symbol R74 Pin 1 [Passive, Line]
[pin_to_pin]: Pins of type Unspecified and Power input are connected
    ; warning
    @(107.315 mm, 46.355 mm): Symbol U15 Pin 9 [EP, Unspecified, Line]
    @(105.41 mm, 45.085 mm): Symbol #PWR0156 Pin 1 [Power input, Line]
[pin_to_pin]: Pins of type Unspecified and Unspecified are connected
    ; warning
    @(116.205 mm, 181.61 mm): Symbol U16 Pin 1 [IN, Unspecified, Line]
    @(144.145 mm, 181.61 mm): Symbol U16 Pin 2 [IN, Unspecified, Line]
[pin_to_pin]: Pins of type Unspecified and Passive are connected
    ; warning
    @(116.205 mm, 186.69 mm): Symbol U16 Pin 5 [IN_SYS, Unspecified, Line]
    @(81.28 mm, 210.82 mm): Symbol R71 Pin 1 [Passive, Line]
[pin_to_pin]: Pins of type Unspecified and Passive are connected
    ; warning
    @(116.205 mm, 189.23 mm): Symbol U16 Pin 7 [OVP, Unspecified, Line]
    @(81.28 mm, 228.60 mm): Symbol R72 Pin 2 [Passive, Line]
[pin_to_pin]: Pins of type Unspecified and Passive are connected
    ; warning
    @(116.205 mm, 191.77 mm): Symbol U16 Pin 9 [dVdT, Unspecified, Line]
    @(83.82 mm, 255.905 mm): Symbol C28 Pin 2 [Passive, Line]
[pin_to_pin]: Pins of type Unspecified and Power input are connected
    ; warning
    @(116.205 mm, 194.31 mm): Symbol U16 Pin 11 [MODE, Unspecified, Line]
    @(98.425 mm, 194.31 mm): Symbol #PWR0154 Pin 1 [Power input, Line]
[pin_to_pin]: Pins of type Unspecified and Passive are connected
    ; warning
    @(116.205 mm, 196.85 mm): Symbol U16 Pin 13 [IMON, Unspecified, Line]
    @(120.015 mm, 257.81 mm): Symbol R77 Pin 1 [Passive, Line]
[pin_to_pin]: Pins of type Unspecified and Passive are connected
    ; warning
    @(116.205 mm, 199.39 mm): Symbol U16 Pin 15 [PGTH, Unspecified, Line]
    @(158.115 mm, 216.535 mm): Symbol R80 Pin 1 [Passive, Line]
[pin_to_pin]: Pins of type Unspecified and Unspecified are connected
    ; warning
    @(116.205 mm, 201.93 mm): Symbol U16 Pin 17 [OUT, Unspecified, Line]
    @(144.145 mm, 201.93 mm): Symbol U16 Pin 18 [OUT, Unspecified, Line]
[pin_to_pin]: Pins of type Unspecified and Passive are connected
    ; warning
    @(120.015 mm, 51.435 mm): Symbol U15 Pin 8 [SW, Unspecified, Line]
    @(111.125 mm, 40.005 mm): Symbol C30 Pin 2 [Passive, Line]
[pin_to_pin]: Pins of type Unspecified and Unspecified are connected
    ; warning
    @(120.015 mm, 53.975 mm): Symbol U15 Pin 7 [GND, Unspecified, Line]
    @(107.315 mm, 46.355 mm): Symbol U15 Pin 9 [EP, Unspecified, Line]
[pin_to_pin]: Pins of type Unspecified and Passive are connected
    ; warning
    @(120.015 mm, 56.515 mm): Symbol U15 Pin 6 [COMP, Unspecified, Line]
    @(128.27 mm, 57.785 mm): Symbol R78 Pin 1 [Passive, Line]
[pin_to_pin]: Pins of type Unspecified and Passive are connected
    ; warning
    @(120.015 mm, 59.055 mm): Symbol U15 Pin 5 [FB, Unspecified, Line]
    @(173.99 mm, 55.88 mm): Symbol R83 Pin 1 [Passive, Line]
[pin_to_pin]: Pins of type Unspecified and Unspecified are connected
    ; warning
    @(128.27 mm, 41.91 mm): Symbol D10 Pin 1 [K, Unspecified, Line]
    @(130.175 mm, 40.005 mm): Symbol L2 Pin 1 [1, Unspecified, Line]
[pin_to_pin]: Pins of type Unspecified and Unspecified are connected
    ; warning
    @(128.27 mm, 52.07 mm): Symbol D10 Pin 2 [A, Unspecified, Line]
    @(120.015 mm, 53.975 mm): Symbol U15 Pin 7 [GND, Unspecified, Line]
[pin_to_pin]: Pins of type Unspecified and Unspecified are connected
    ; warning
    @(130.175 mm, 40.005 mm): Symbol L2 Pin 1 [1, Unspecified, Line]
    @(120.015 mm, 51.435 mm): Symbol U15 Pin 8 [SW, Unspecified, Line]
[pin_to_pin]: Pins of type Unspecified and Power input are connected
    ; warning
    @(130.175 mm, 176.53 mm): Symbol U16 Pin 25 [EP, Unspecified, Line]
    @(130.175 mm, 174.625 mm): Symbol #PWR0161 Pin 1 [Power input, Line]
[pin_to_pin]: Pins of type Unspecified and Passive are connected
    ; warning
    @(140.335 mm, 40.005 mm): Symbol L2 Pin 2 [2, Unspecified, Line]
    @(141.605 mm, 43.18 mm): Symbol C33 Pin 2 [Passive, Line]
[pin_to_pin]: Pins of type Unspecified and Passive are connected
    ; warning
    @(144.145 mm, 186.69 mm): Symbol U16 Pin 6 [UVLO, Unspecified, Line]
    @(81.28 mm, 218.44 mm): Symbol R71 Pin 2 [Passive, Line]
[pin_to_pin]: Pins of type Unspecified and Unspecified are connected
    ; warning
    @(144.145 mm, 189.23 mm): Symbol U16 Pin 8 [GND, Unspecified, Line]
    @(144.145 mm, 196.85 mm): Symbol U16 Pin 14 [~{FLT}, Unspecified, Line]
[pin_to_pin]: Pins of type Unspecified and Passive are connected
    ; warning
    @(144.145 mm, 191.77 mm): Symbol U16 Pin 10 [ILIM, Unspecified, Line]
    @(102.87 mm, 244.475 mm): Symbol R93 Pin 1 [Passive, Line]
[pin_to_pin]: Pins of type Unspecified and Passive are connected
    ; warning
    @(144.145 mm, 194.31 mm): Symbol U16 Pin 12 [~{SHDN}, Unspecified, Line]
    @(177.165 mm, 243.205 mm): Symbol R84 Pin 2 [Passive, Line]
[pin_to_pin]: Pins of type Unspecified and Power input are connected
    ; warning
    @(144.145 mm, 196.85 mm): Symbol U16 Pin 14 [~{FLT}, Unspecified, Line]
    @(156.845 mm, 189.23 mm): Symbol #PWR0166 Pin 1 [Power input, Line]
[pin_to_pin]: Pins of type Unspecified and Passive are connected
    ; warning
    @(144.145 mm, 199.39 mm): Symbol U16 Pin 16 [PGOOD, Unspecified, Line]
    @(180.975 mm, 211.455 mm): Symbol R85 Pin 2 [Passive, Line]
[pin_to_pin]: Pins of type Unspecified and Passive are connected
    ; warning
    @(144.145 mm, 201.93 mm): Symbol U16 Pin 18 [OUT, Unspecified, Line]
    @(166.37 mm, 203.835 mm): Symbol R79 Pin 1 [Passive, Line]
[multiple_net_names]: Both GND and ~{PPIC_FLT} are attached to the same items; GND will be used in the netlist
    ; warning
    @(175.26 mm, 81.915 mm): Symbol #PWR0171 Pin 1 [Power input, Line]
    @(157.48 mm, 255.27 mm): Label '~{PPIC_FLT}'
[multiple_net_names]: Both V_FIELD and PPIC_OUT are attached to the same items; V_FIELD will be used in the netlist
    ; warning
    @(34.29 mm, 252.095 mm): Symbol #PWR0139 Pin 1 [Power input, Line]
    @(172.085 mm, 201.93 mm): Label 'PPIC_OUT'
[pin_to_pin]: Pins of type Unspecified and Passive are connected
    ; warning
    @(189.23 mm, 259.08 mm): Symbol SW3 Pin 2 [2, Unspecified, Line]
    @(177.165 mm, 253.365 mm): Symbol C37 Pin 2 [Passive, Line]
[pin_to_pin]: Pins of type Unspecified and Power input are connected
    ; warning
    @(194.31 mm, 259.08 mm): Symbol SW3 Pin 4 [4, Unspecified, Line]
    @(194.31 mm, 257.81 mm): Symbol #PWR0175 Pin 1 [Power input, Line]
[pin_to_pin]: Pins of type Unspecified and Power input are connected
    ; warning
    @(194.31 mm, 269.24 mm): Symbol SW3 Pin 3 [3, Unspecified, Line]
    @(194.31 mm, 271.145 mm): Symbol #PWR0176 Pin 1 [Power input, Line]
[pin_to_pin]: Pins of type Unspecified and Power input are connected
    ; warning
    @(243.205 mm, 31.75 mm): Symbol FH2 Pin 2 [2, Unspecified, Line]
    @(243.205 mm, 29.845 mm): Symbol #PWR0177 Pin 1 [Power input, Line]
[pin_to_pin]: Pins of type Unspecified and Unspecified are connected
    ; warning
    @(243.205 mm, 43.815 mm): Symbol D12 Pin 2 [A, Unspecified, Line]
    @(243.205 mm, 41.91 mm): Symbol FH2 Pin 1 [1, Unspecified, Line]
[pin_to_pin]: Pins of type Unspecified and Power input are connected
    ; warning
    @(243.205 mm, 53.975 mm): Symbol D12 Pin 1 [C, Unspecified, Line]
    @(255.905 mm, 56.515 mm): Symbol #PWR0178 Pin 1 [Power input, Line]
[pin_to_pin]: Pins of type Unspecified and Power input are connected
    ; warning
    @(269.875 mm, 31.75 mm): Symbol FH3 Pin 2 [2, Unspecified, Line]
    @(269.875 mm, 29.21 mm): Symbol #PWR0179 Pin 1 [Power input, Line]
[pin_to_pin]: Pins of type Unspecified and Unspecified are connected
    ; warning
    @(269.875 mm, 43.815 mm): Symbol D13 Pin 2 [A, Unspecified, Line]
    @(269.875 mm, 41.91 mm): Symbol FH3 Pin 1 [1, Unspecified, Line]
[pin_to_pin]: Pins of type Unspecified and Power input are connected
    ; warning
    @(269.875 mm, 53.975 mm): Symbol D13 Pin 1 [C, Unspecified, Line]
    @(255.905 mm, 56.515 mm): Symbol #PWR0178 Pin 1 [Power input, Line]
[pin_to_pin]: Pins of type Unspecified and Passive are connected
    ; warning
    @(312.42 mm, 194.945 mm): Symbol U17 Pin 1 [OUT, Unspecified, Line]
    @(296.545 mm, 192.405 mm): Symbol R88 Pin 2 [Passive, Line]
[pin_to_pin]: Pins of type Unspecified and Passive are connected
    ; warning
    @(312.42 mm, 200.025 mm): Symbol U17 Pin 3 [FB, Unspecified, Line]
    @(287.02 mm, 223.52 mm): Symbol R123 Pin 2 [Passive, Line]
[pin_to_pin]: Pins of type Unspecified and Passive are connected
    ; warning
    @(312.42 mm, 202.565 mm): Symbol U17 Pin 4 [PG, Unspecified, Line]
    @(296.545 mm, 184.785 mm): Symbol R88 Pin 1 [Passive, Line]
[pin_to_pin]: Pins of type Unspecified and Power input are connected
    ; warning
    @(312.42 mm, 212.725 mm): Symbol U17 Pin 8 [GND, Unspecified, Line]
    @(309.245 mm, 212.725 mm): Symbol #PWR0183 Pin 1 [Power input, Line]
[pin_to_pin]: Pins of type Unspecified and Power input are connected
    ; warning
    @(335.28 mm, 192.405 mm): Symbol U17 Pin 21 [EP, Unspecified, Line]
    @(338.455 mm, 192.405 mm): Symbol #PWR0187 Pin 1 [Power input, Line]
[pin_to_pin]: Pins of type Unspecified and Passive are connected
    ; warning
    @(335.28 mm, 194.945 mm): Symbol U17 Pin 20 [OUT, Unspecified, Line]
    @(356.87 mm, 198.12 mm): Symbol C39 Pin 2 [Passive, Line]
[pin_to_pin]: Pins of type Unspecified and Unspecified are connected
    ; warning
    @(335.28 mm, 197.485 mm): Symbol U17 Pin 19 [OUT, Unspecified, Line]
    @(335.28 mm, 194.945 mm): Symbol U17 Pin 20 [OUT, Unspecified, Line]
[pin_to_pin]: Pins of type Unspecified and Power input are connected
    ; warning
    @(335.28 mm, 200.025 mm): Symbol U17 Pin 18 [GND, Unspecified, Line]
    @(339.09 mm, 200.025 mm): Symbol #PWR0189 Pin 1 [Power input, Line]
[pin_to_pin]: Pins of type Unspecified and Power input are connected
    ; warning
    @(335.28 mm, 202.565 mm): Symbol U17 Pin 17 [IN, Unspecified, Line]
    @(338.455 mm, 205.105 mm): Symbol #PWR0188 Pin 1 [Power input, Line]
[pin_to_pin]: Pins of type Unspecified and Unspecified are connected
    ; warning
    @(335.28 mm, 205.105 mm): Symbol U17 Pin 16 [IN, Unspecified, Line]
    @(335.28 mm, 202.565 mm): Symbol U17 Pin 17 [IN, Unspecified, Line]
[pin_to_pin]: Pins of type Unspecified and Unspecified are connected
    ; warning
    @(335.28 mm, 207.645 mm): Symbol U17 Pin 15 [IN, Unspecified, Line]
    @(335.28 mm, 205.105 mm): Symbol U17 Pin 16 [IN, Unspecified, Line]
[pin_to_pin]: Pins of type Unspecified and Unspecified are connected
    ; warning
    @(335.28 mm, 210.185 mm): Symbol U17 Pin 14 [EN, Unspecified, Line]
    @(335.28 mm, 207.645 mm): Symbol U17 Pin 15 [IN, Unspecified, Line]
[pin_to_pin]: Pins of type Unspecified and Passive are connected
    ; warning
    @(335.28 mm, 212.725 mm): Symbol U17 Pin 13 [NR/SS, Unspecified, Line]
    @(346.075 mm, 213.995 mm): Symbol C38 Pin 2 [Passive, Line]
[pin_to_pin]: Pins of type Unspecified and Power input are connected
    ; warning
    @(335.28 mm, 215.265 mm): Symbol U17 Pin 12 [BIAS, Unspecified, Line]
    @(337.185 mm, 215.265 mm): Symbol #PWR0186 Pin 1 [Power input, Line]
[multiple_net_names]: Both PWR_CAN and V_IN_UNPROTECTED are attached to the same items; PWR_CAN will be used in the netlist
    ; warning
    @(368.30 mm, 114.30 mm): Symbol #PWR0199 Pin 1 [Power input, Line]
    @(340.36 mm, 48.26 mm): Label 'V_IN_UNPROTECTED'

***** Sheet /CAN/
[power_pin_not_driven]: Input Power pin not driven by any Output Power pins
    ; error
    @(237.49 mm, 102.87 mm): Symbol #PWR0145 Pin 1 [Power input, Line]
[power_pin_not_driven]: Input Power pin not driven by any Output Power pins
    ; error
    @(260.35 mm, 102.87 mm): Symbol #PWR0152 Pin 1 [Power input, Line]
[pin_to_pin]: Pins of type Unspecified and Power input are connected
    ; warning
    @(52.07 mm, 160.655 mm): Symbol SW4 Pin 4 [4, Unspecified, Line]
    @(52.07 mm, 162.56 mm): Symbol #PWR0203 Pin 1 [Power input, Line]
[pin_to_pin]: Pins of type Unspecified and Unspecified are connected
    ; warning
    @(53.975 mm, 77.47 mm): Symbol D17 Pin 2 [2, Unspecified, Line]
    @(83.82 mm, 72.39 mm): Symbol U14 Pin 6 [CANL, Unspecified, Line]
[pin_to_pin]: Pins of type Unspecified and Power input are connected
    ; warning
    @(59.055 mm, 92.71 mm): Symbol D17 Pin 3 [3, Unspecified, Line]
    @(59.055 mm, 93.98 mm): Symbol #PWR0202 Pin 1 [Power input, Line]
[pin_to_pin]: Pins of type Unspecified and Passive are connected
    ; warning
    @(59.69 mm, 142.875 mm): Symbol SW4 Pin 1 [1, Unspecified, Line]
    @(61.595 mm, 142.875 mm): Symbol R90 Pin 1 [Passive, Line]
[pin_to_pin]: Pins of type Unspecified and Unspecified are connected
    ; warning
    @(59.69 mm, 150.495 mm): Symbol SW4 Pin 2 [2, Unspecified, Line]
    @(59.69 mm, 153.035 mm): Symbol SW4 Pin 3 [3, Unspecified, Line]
[pin_to_pin]: Pins of type Unspecified and Passive are connected
    ; warning
    @(59.69 mm, 153.035 mm): Symbol SW4 Pin 3 [3, Unspecified, Line]
    @(95.25 mm, 147.32 mm): Symbol J3 Pin 2 [Pin_2, Passive, Line]
[pin_to_pin]: Pins of type Unspecified and Unspecified are connected
    ; warning
    @(64.135 mm, 77.47 mm): Symbol D17 Pin 1 [1, Unspecified, Line]
    @(83.82 mm, 69.85 mm): Symbol U14 Pin 7 [CANH, Unspecified, Line]
[pin_to_pin]: Pins of type Unspecified and Power input are connected
    ; warning
    @(83.82 mm, 67.31 mm): Symbol U14 Pin 8 [VCC2, Unspecified, Line]
    @(82.55 mm, 67.31 mm): Symbol #PWR0157 Pin 1 [Power input, Line]
[pin_to_pin]: Pins of type Unspecified and Passive are connected
    ; warning
    @(83.82 mm, 69.85 mm): Symbol U14 Pin 7 [CANH, Unspecified, Line]
    @(69.215 mm, 142.875 mm): Symbol R90 Pin 2 [Passive, Line]
[pin_to_pin]: Pins of type Unspecified and Passive are connected
    ; warning
    @(83.82 mm, 72.39 mm): Symbol U14 Pin 6 [CANL, Unspecified, Line]
    @(95.25 mm, 147.32 mm): Symbol J3 Pin 2 [Pin_2, Passive, Line]
[pin_to_pin]: Pins of type Unspecified and Power input are connected
    ; warning
    @(83.82 mm, 74.93 mm): Symbol U14 Pin 5 [GND2, Unspecified, Line]
    @(82.55 mm, 74.93 mm): Symbol #PWR0149 Pin 1 [Power input, Line]
[pin_to_pin]: Pins of type Unspecified and Power input are connected
    ; warning
    @(106.68 mm, 67.31 mm): Symbol U14 Pin 1 [VCC1, Unspecified, Line]
    @(107.95 mm, 66.04 mm): Symbol #PWR0206 Pin 1 [Power input, Line]
[pin_to_pin]: Pins of type Unspecified and Passive are connected
    ; warning
    @(106.68 mm, 69.85 mm): Symbol U14 Pin 2 [TXD, Unspecified, Line]
    @(108.585 mm, 69.85 mm): Symbol R91 Pin 1 [Passive, Line]
[pin_to_pin]: Pins of type Unspecified and Passive are connected
    ; warning
    @(106.68 mm, 72.39 mm): Symbol U14 Pin 3 [RXD, Unspecified, Line]
    @(108.585 mm, 72.39 mm): Symbol R92 Pin 1 [Passive, Line]
[pin_to_pin]: Pins of type Unspecified and Power input are connected
    ; warning
    @(106.68 mm, 74.93 mm): Symbol U14 Pin 4 [GND1, Unspecified, Line]
    @(107.95 mm, 77.47 mm): Symbol #PWR0205 Pin 1 [Power input, Line]
[pin_to_pin]: Pins of type Unspecified and Power input are connected
    ; warning
    @(238.76 mm, 95.25 mm): Symbol U22 Pin 1 [GND, Unspecified, Line]
    @(236.855 mm, 95.25 mm): Symbol #PWR0267 Pin 1 [Power input, Line]
[pin_to_pin]: Pins of type Unspecified and Power input are connected
    ; warning
    @(238.76 mm, 97.79 mm): Symbol U22 Pin 2 [Vin, Unspecified, Line]
    @(236.855 mm, 97.79 mm): Symbol #PWR0137 Pin 1 [Power input, Line]
[pin_to_pin]: Pins of type Unspecified and Power input are connected
    ; warning
    @(238.76 mm, 102.87 mm): Symbol U22 Pin 4 [-Vo, Unspecified, Line]
    @(237.49 mm, 102.87 mm): Symbol #PWR0145 Pin 1 [Power input, Line]
[pin_to_pin]: Pins of type Unspecified and Power input are connected
    ; warning
    @(243.84 mm, 61.595 mm): Symbol CN11 Pin 1 [1, Unspecified, Line]
    @(236.855 mm, 61.595 mm): Symbol #PWR0210 Pin 1 [Power input, Line]
[pin_to_pin]: Pins of type Unspecified and Power input are connected
    ; warning
    @(243.84 mm, 64.135 mm): Symbol CN11 Pin 2 [2, Unspecified, Line]
    @(236.855 mm, 64.135 mm): Symbol #PWR0211 Pin 1 [Power input, Line]
[pin_to_pin]: Pins of type Unspecified and Unspecified are connected
    ; warning
    @(243.84 mm, 66.675 mm): Symbol CN11 Pin 3 [3, Unspecified, Line]
    @(83.82 mm, 69.85 mm): Symbol U14 Pin 7 [CANH, Unspecified, Line]
[pin_to_pin]: Pins of type Unspecified and Unspecified are connected
    ; warning
    @(243.84 mm, 69.215 mm): Symbol CN11 Pin 4 [4, Unspecified, Line]
    @(83.82 mm, 72.39 mm): Symbol U14 Pin 6 [CANL, Unspecified, Line]
[pin_to_pin]: Pins of type Unspecified and Power input are connected
    ; warning
    @(259.08 mm, 102.87 mm): Symbol U22 Pin 5 [+Vo, Unspecified, Line]
    @(260.35 mm, 102.87 mm): Symbol #PWR0152 Pin 1 [Power input, Line]

***** Sheet /RS-485/
[power_pin_not_driven]: Input Power pin not driven by any Output Power pins
    ; error
    @(198.12 mm, 48.26 mm): Symbol #PWR0270 Pin 1 [Power input, Line]
[power_pin_not_driven]: Input Power pin not driven by any Output Power pins
    ; error
    @(198.12 mm, 58.42 mm): Symbol #PWR0207 Pin 1 [Power input, Line]
[pin_to_pin]: Pins of type Unspecified and Passive are connected
    ; warning
    @(55.245 mm, 65.405 mm): Symbol D18 Pin 2 [2, Unspecified, Line]
    @(60.96 mm, 59.69 mm): Symbol R95 Pin 1 [Passive, Line]
[pin_to_pin]: Pins of type Unspecified and Power input are connected
    ; warning
    @(55.245 mm, 162.56 mm): Symbol SW5 Pin 4 [4, Unspecified, Line]
    @(55.245 mm, 164.465 mm): Symbol #PWR0214 Pin 1 [Power input, Line]
[pin_to_pin]: Pins of type Unspecified and Power input are connected
    ; warning
    @(57.785 mm, 80.645 mm): Symbol D18 Pin 3 [3, Unspecified, Line]
    @(57.785 mm, 81.915 mm): Symbol #PWR0215 Pin 1 [Power input, Line]
[pin_to_pin]: Pins of type Unspecified and Passive are connected
    ; warning
    @(60.325 mm, 65.405 mm): Symbol D18 Pin 1 [1, Unspecified, Line]
    @(69.215 mm, 57.15 mm): Symbol R96 Pin 1 [Passive, Line]
[pin_to_pin]: Pins of type Unspecified and Passive are connected
    ; warning
    @(62.865 mm, 144.78 mm): Symbol SW5 Pin 1 [1, Unspecified, Line]
    @(64.135 mm, 144.78 mm): Symbol R94 Pin 1 [Passive, Line]
[pin_to_pin]: Pins of type Unspecified and Unspecified are connected
    ; warning
    @(62.865 mm, 152.40 mm): Symbol SW5 Pin 2 [2, Unspecified, Line]
    @(62.865 mm, 154.94 mm): Symbol SW5 Pin 3 [3, Unspecified, Line]
[pin_to_pin]: Pins of type Unspecified and Passive are connected
    ; warning
    @(62.865 mm, 154.94 mm): Symbol SW5 Pin 3 [3, Unspecified, Line]
    @(60.96 mm, 59.69 mm): Symbol R95 Pin 1 [Passive, Line]
[pin_to_pin]: Pins of type Unspecified and Power input are connected
    ; warning
    @(92.075 mm, 49.53 mm): Symbol U18 Pin 16 [VCC2, Unspecified, Line]
    @(90.805 mm, 49.53 mm): Symbol #PWR0283 Pin 1 [Power input, Line]
[pin_to_pin]: Pins of type Unspecified and Power input are connected
    ; warning
    @(92.075 mm, 52.07 mm): Symbol U18 Pin 15 [GND2, Unspecified, Line]
    @(90.805 mm, 52.07 mm): Symbol #PWR0281 Pin 1 [Power input, Line]
[pin_to_pin]: Pins of type Unspecified and Passive are connected
    ; warning
    @(92.075 mm, 57.15 mm): Symbol U18 Pin 13 [B, Unspecified, Line]
    @(76.835 mm, 57.15 mm): Symbol R96 Pin 2 [Passive, Line]
[pin_to_pin]: Pins of type Unspecified and Passive are connected
    ; warning
    @(92.075 mm, 59.69 mm): Symbol U18 Pin 12 [A, Unspecified, Line]
    @(68.58 mm, 59.69 mm): Symbol R95 Pin 2 [Passive, Line]
[pin_to_pin]: Pins of type Unspecified and Power input are connected
    ; warning
    @(92.075 mm, 64.77 mm): Symbol U18 Pin 10 [VCC2, Unspecified, Line]
    @(90.805 mm, 64.77 mm): Symbol #PWR0282 Pin 1 [Power input, Line]
[pin_to_pin]: Pins of type Unspecified and Power input are connected
    ; warning
    @(92.075 mm, 67.31 mm): Symbol U18 Pin 9 [GND2, Unspecified, Line]
    @(90.805 mm, 67.31 mm): Symbol #PWR0280 Pin 1 [Power input, Line]
[pin_to_pin]: Pins of type Unspecified and Power input are connected
    ; warning
    @(114.935 mm, 49.53 mm): Symbol U18 Pin 1 [VCC1, Unspecified, Line]
    @(121.92 mm, 46.355 mm): Symbol #PWR0278 Pin 1 [Power input, Line]
[pin_to_pin]: Pins of type Unspecified and Power input are connected
    ; warning
    @(114.935 mm, 52.07 mm): Symbol U18 Pin 2 [GND1, Unspecified, Line]
    @(121.92 mm, 50.165 mm): Symbol #PWR0277 Pin 1 [Power input, Line]
[pin_to_pin]: Pins of type Unspecified and Passive are connected
    ; warning
    @(114.935 mm, 54.61 mm): Symbol U18 Pin 3 [R, Unspecified, Line]
    @(191.77 mm, 136.525 mm): Symbol R97 Pin 2 [Passive, Line]
[pin_to_pin]: Pins of type Unspecified and Unspecified are connected
    ; warning
    @(114.935 mm, 57.15 mm): Symbol U18 Pin 4 [~{RE}, Unspecified, Line]
    @(114.935 mm, 59.69 mm): Symbol U18 Pin 5 [DE, Unspecified, Line]
[pin_to_pin]: Pins of type Unspecified and Passive are connected
    ; warning
    @(114.935 mm, 59.69 mm): Symbol U18 Pin 5 [DE, Unspecified, Line]
    @(222.25 mm, 128.905 mm): Symbol R98 Pin 1 [Passive, Line]
[pin_to_pin]: Pins of type Unspecified and Bidirectional are connected
    ; warning
    @(114.935 mm, 62.23 mm): Symbol U18 Pin 6 [D, Unspecified, Line]
    @(95.25 mm, 100.33 mm): Symbol U10 Pin 22 [IO18, Bidirectional, Line]
[pin_to_pin]: Pins of type Unspecified and Power input are connected
    ; warning
    @(114.935 mm, 67.31 mm): Symbol U18 Pin 8 [GND1, Unspecified, Line]
    @(117.475 mm, 68.58 mm): Symbol #PWR0279 Pin 1 [Power input, Line]
[pin_to_pin]: Pins of type Unspecified and Power input are connected
    ; warning
    @(233.045 mm, 50.80 mm): Symbol U23 Pin 1 [GND, Unspecified, Line]
    @(231.14 mm, 50.80 mm): Symbol #PWR0273 Pin 1 [Power input, Line]
[pin_to_pin]: Pins of type Unspecified and Power input are connected
    ; warning
    @(233.045 mm, 53.34 mm): Symbol U23 Pin 2 [Vin, Unspecified, Line]
    @(231.14 mm, 53.34 mm): Symbol #PWR0274 Pin 1 [Power input, Line]
[pin_to_pin]: Pins of type Unspecified and Power input are connected
    ; warning
    @(233.045 mm, 58.42 mm): Symbol U23 Pin 4 [-Vo, Unspecified, Line]
    @(231.775 mm, 58.42 mm): Symbol #PWR0275 Pin 1 [Power input, Line]
[pin_to_pin]: Pins of type Unspecified and Power input are connected
    ; warning
    @(242.57 mm, 94.615 mm): Symbol CN12 Pin 1 [1, Unspecified, Line]
    @(229.87 mm, 94.615 mm): Symbol #PWR0218 Pin 1 [Power input, Line]
[pin_to_pin]: Pins of type Unspecified and Power input are connected
    ; warning
    @(242.57 mm, 97.155 mm): Symbol CN12 Pin 2 [2, Unspecified, Line]
    @(229.87 mm, 97.155 mm): Symbol #PWR0219 Pin 1 [Power input, Line]
[pin_to_pin]: Pins of type Unspecified and Passive are connected
    ; warning
    @(242.57 mm, 99.695 mm): Symbol CN12 Pin 3 [3, Unspecified, Line]
    @(71.755 mm, 144.78 mm): Symbol R94 Pin 2 [Passive, Line]
[pin_to_pin]: Pins of type Unspecified and Passive are connected
    ; warning
    @(242.57 mm, 102.235 mm): Symbol CN12 Pin 4 [4, Unspecified, Line]
    @(60.96 mm, 59.69 mm): Symbol R95 Pin 1 [Passive, Line]
[pin_to_pin]: Pins of type Unspecified and Power input are connected
    ; warning
    @(253.365 mm, 58.42 mm): Symbol U23 Pin 5 [+Vo, Unspecified, Line]
    @(254.635 mm, 58.42 mm): Symbol #PWR0276 Pin 1 [Power input, Line]

***** Sheet /Ethernet/
[power_pin_not_driven]: Input Power pin not driven by any Output Power pins
    ; error
    @(49.53 mm, 55.88 mm): Symbol #PWR0226 Pin 1 [Power input, Line]
[power_pin_not_driven]: Input Power pin not driven by any Output Power pins
    ; error
    @(267.335 mm, 71.12 mm): Symbol #PWR0216 Pin 1 [Power input, Line]
[pin_to_pin]: Pins of type Unspecified and Passive are connected
    ; warning
    @(40.64 mm, 169.545 mm): Symbol X1 Pin 4 [GND, Unspecified, Line]
    @(31.115 mm, 165.735 mm): Symbol C45 Pin 1 [Passive, Line]
[pin_to_pin]: Pins of type Unspecified and Passive are connected
    ; warning
    @(40.64 mm, 174.625 mm): Symbol X1 Pin 1 [OSC1, Unspecified, Line]
    @(31.115 mm, 173.355 mm): Symbol C45 Pin 2 [Passive, Line]
[pin_to_pin]: Pins of type Unspecified and Passive are connected
    ; warning
    @(55.88 mm, 169.545 mm): Symbol X1 Pin 3 [OSC2, Unspecified, Line]
    @(61.595 mm, 170.815 mm): Symbol C46 Pin 1 [Passive, Line]
[pin_to_pin]: Pins of type Unspecified and Passive are connected
    ; warning
    @(55.88 mm, 174.625 mm): Symbol X1 Pin 2 [GND, Unspecified, Line]
    @(61.595 mm, 178.435 mm): Symbol C46 Pin 2 [Passive, Line]
[pin_to_pin]: Pins of type Unspecified and Passive are connected
    ; warning
    @(59.69 mm, 38.10 mm): Symbol U20 Pin 1 [TXN, Unspecified, Line]
    @(153.67 mm, 115.57 mm): Symbol R105 Pin 1 [Passive, Line]
[pin_to_pin]: Pins of type Unspecified and Passive are connected
    ; warning
    @(59.69 mm, 40.64 mm): Symbol U20 Pin 2 [TXP, Unspecified, Line]
    @(153.67 mm, 107.315 mm): Symbol R104 Pin 1 [Passive, Line]
[pin_to_pin]: Pins of type Unspecified and Power input are connected
    ; warning
    @(59.69 mm, 43.18 mm): Symbol U20 Pin 3 [AGND, Unspecified, Line]
    @(57.785 mm, 43.18 mm): Symbol #PWR0234 Pin 1 [Power input, Line]
[pin_to_pin]: Pins of type Unspecified and Power input are connected
    ; warning
    @(59.69 mm, 45.72 mm): Symbol U20 Pin 4 [AVDD, Unspecified, Line]
    @(57.785 mm, 45.72 mm): Symbol #PWR0235 Pin 1 [Power input, Line]
[pin_to_pin]: Pins of type Unspecified and Passive are connected
    ; warning
    @(59.69 mm, 48.26 mm): Symbol U20 Pin 5 [RXN, Unspecified, Line]
    @(153.67 mm, 132.715 mm): Symbol R107 Pin 1 [Passive, Line]
[pin_to_pin]: Pins of type Unspecified and Passive are connected
    ; warning
    @(59.69 mm, 50.80 mm): Symbol U20 Pin 6 [RXP, Unspecified, Line]
    @(153.67 mm, 124.46 mm): Symbol R106 Pin 1 [Passive, Line]
[pin_to_pin]: Pins of type Unspecified and Unspecified are connected
    ; warning
    @(59.69 mm, 55.88 mm): Symbol U20 Pin 8 [AVDD, Unspecified, Line]
    @(59.69 mm, 63.50 mm): Symbol U20 Pin 11 [AVDD, Unspecified, Line]
[pin_to_pin]: Pins of type Unspecified and Power input are connected
    ; warning
    @(59.69 mm, 58.42 mm): Symbol U20 Pin 9 [AGND, Unspecified, Line]
    @(48.895 mm, 58.42 mm): Symbol #PWR0225 Pin 1 [Power input, Line]
[pin_to_pin]: Pins of type Unspecified and Passive are connected
    ; warning
    @(59.69 mm, 60.96 mm): Symbol U20 Pin 10 [EXRES1, Unspecified, Line]
    @(99.06 mm, 151.765 mm): Symbol R119 Pin 1 [Passive, Line]
[pin_to_pin]: Pins of type Unspecified and Power input are connected
    ; warning
    @(59.69 mm, 63.50 mm): Symbol U20 Pin 11 [AVDD, Unspecified, Line]
    @(49.53 mm, 63.50 mm): Symbol #PWR0227 Pin 1 [Power input, Line]
[pin_to_pin]: Pins of type Unspecified and Unspecified are connected
    ; warning
    @(59.69 mm, 71.12 mm): Symbol U20 Pin 14 [AGND, Unspecified, Line]
    @(59.69 mm, 76.20 mm): Symbol U20 Pin 16 [AGND, Unspecified, Line]
[pin_to_pin]: Pins of type Unspecified and Unspecified are connected
    ; warning
    @(59.69 mm, 73.66 mm): Symbol U20 Pin 15 [AVDD, Unspecified, Line]
    @(59.69 mm, 78.74 mm): Symbol U20 Pin 17 [AVDD, Unspecified, Line]
[pin_to_pin]: Pins of type Unspecified and Unspecified are connected
    ; warning
    @(59.69 mm, 76.20 mm): Symbol U20 Pin 16 [AGND, Unspecified, Line]
    @(59.69 mm, 83.82 mm): Symbol U20 Pin 19 [AGND, Unspecified, Line]
[pin_to_pin]: Pins of type Unspecified and Power input are connected
    ; warning
    @(59.69 mm, 78.74 mm): Symbol U20 Pin 17 [AVDD, Unspecified, Line]
    @(49.53 mm, 78.74 mm): Symbol #PWR0231 Pin 1 [Power input, Line]
[pin_to_pin]: Pins of type Unspecified and Power input are connected
    ; warning
    @(59.69 mm, 83.82 mm): Symbol U20 Pin 19 [AGND, Unspecified, Line]
    @(49.53 mm, 83.82 mm): Symbol #PWR0232 Pin 1 [Power input, Line]
[pin_to_pin]: Pins of type Unspecified and Passive are connected
    ; warning
    @(59.69 mm, 86.36 mm): Symbol U20 Pin 20 [TOCAP, Unspecified, Line]
    @(122.555 mm, 151.765 mm): Symbol C47 Pin 1 [Passive, Line]
[pin_to_pin]: Pins of type Unspecified and Power input are connected
    ; warning
    @(59.69 mm, 88.90 mm): Symbol U20 Pin 21 [AVDD, Unspecified, Line]
    @(49.53 mm, 88.90 mm): Symbol #PWR0233 Pin 1 [Power input, Line]
[pin_to_pin]: Pins of type Unspecified and Passive are connected
    ; warning
    @(59.69 mm, 91.44 mm): Symbol U20 Pin 22 [1V2O, Unspecified, Line]
    @(137.16 mm, 151.765 mm): Symbol C48 Pin 1 [Passive, Line]
[pin_to_pin]: Pins of type Unspecified and Power input are connected
    ; warning
    @(59.69 mm, 93.98 mm): Symbol U20 Pin 23 [RSVD, Unspecified, Line]
    @(48.26 mm, 93.98 mm): Symbol #PWR0224 Pin 1 [Power input, Line]
[pin_to_pin]: Pins of type Unspecified and Passive are connected
    ; warning
    @(59.69 mm, 96.52 mm): Symbol U20 Pin 24 [SPDLED, Unspecified, Line]
    @(262.255 mm, 41.275 mm): Symbol R113 Pin 2 [Passive, Line]
[pin_to_pin]: Pins of type Unspecified and Power input are connected
    ; warning
    @(92.71 mm, 38.10 mm): Symbol U20 Pin 48 [AGND, Unspecified, Line]
    @(96.52 mm, 38.10 mm): Symbol #PWR0237 Pin 1 [Power input, Line]
[pin_to_pin]: Pins of type Unspecified and Power input are connected
    ; warning
    @(92.71 mm, 45.72 mm): Symbol U20 Pin 45 [PMODE0, Unspecified, Line]
    @(96.52 mm, 48.26 mm): Symbol #PWR0238 Pin 1 [Power input, Line]
[pin_to_pin]: Pins of type Unspecified and Unspecified are connected
    ; warning
    @(92.71 mm, 48.26 mm): Symbol U20 Pin 44 [PMODE1, Unspecified, Line]
    @(92.71 mm, 45.72 mm): Symbol U20 Pin 45 [PMODE0, Unspecified, Line]
[pin_to_pin]: Pins of type Unspecified and Unspecified are connected
    ; warning
    @(92.71 mm, 50.80 mm): Symbol U20 Pin 43 [PMODE2, Unspecified, Line]
    @(92.71 mm, 48.26 mm): Symbol U20 Pin 44 [PMODE1, Unspecified, Line]
[pin_to_pin]: Pins of type Unspecified and Passive are connected
    ; warning
    @(92.71 mm, 66.04 mm): Symbol U20 Pin 37 [RSTn, Unspecified, Line]
    @(137.16 mm, 184.15 mm): Symbol R103 Pin 2 [Passive, Line]
[pin_to_pin]: Pins of type Unspecified and Passive are connected
    ; warning
    @(92.71 mm, 68.58 mm): Symbol U20 Pin 36 [INTn, Unspecified, Line]
    @(122.555 mm, 184.15 mm): Symbol R102 Pin 2 [Passive, Line]
[pin_to_pin]: Pins of type Unspecified and Bidirectional are connected
    ; warning
    @(92.71 mm, 71.12 mm): Symbol U20 Pin 35 [MOSI, Unspecified, Line]
    @(95.25 mm, 69.85 mm): Symbol U10 Pin 10 [IO6, Bidirectional, Line]
[pin_to_pin]: Pins of type Unspecified and Bidirectional are connected
    ; warning
    @(92.71 mm, 73.66 mm): Symbol U20 Pin 34 [MISO, Unspecified, Line]
    @(95.25 mm, 64.77 mm): Symbol U10 Pin 8 [IO4, Bidirectional, Line]
[pin_to_pin]: Pins of type Unspecified and Bidirectional are connected
    ; warning
    @(92.71 mm, 76.20 mm): Symbol U20 Pin 33 [SCLK, Unspecified, Line]
    @(95.25 mm, 67.31 mm): Symbol U10 Pin 9 [IO5, Bidirectional, Line]
[pin_to_pin]: Pins of type Unspecified and Passive are connected
    ; warning
    @(92.71 mm, 78.74 mm): Symbol U20 Pin 32 [SCSn, Unspecified, Line]
    @(107.315 mm, 184.15 mm): Symbol R101 Pin 2 [Passive, Line]
[pin_to_pin]: Pins of type Unspecified and Passive are connected
    ; warning
    @(92.71 mm, 81.28 mm): Symbol U20 Pin 31 [XO, Unspecified, Line]
    @(54.61 mm, 156.21 mm): Symbol R99 Pin 2 [Passive, Line]
[pin_to_pin]: Pins of type Unspecified and Passive are connected
    ; warning
    @(92.71 mm, 83.82 mm): Symbol U20 Pin 30 [XI/CLKIN, Unspecified, Line]
    @(46.99 mm, 156.21 mm): Symbol R99 Pin 1 [Passive, Line]
[pin_to_pin]: Pins of type Unspecified and Power input are connected
    ; warning
    @(92.71 mm, 86.36 mm): Symbol U20 Pin 29 [GND, Unspecified, Line]
    @(99.06 mm, 86.36 mm): Symbol #PWR0239 Pin 1 [Power input, Line]
[pin_to_pin]: Pins of type Unspecified and Power input are connected
    ; warning
    @(92.71 mm, 88.90 mm): Symbol U20 Pin 28 [VDD, Unspecified, Line]
    @(99.06 mm, 88.90 mm): Symbol #PWR0240 Pin 1 [Power input, Line]
[pin_to_pin]: Pins of type Unspecified and Passive are connected
    ; warning
    @(92.71 mm, 96.52 mm): Symbol U20 Pin 25 [LINKLED, Unspecified, Line]
    @(262.255 mm, 45.085 mm): Symbol R114 Pin 2 [Passive, Line]
[pin_to_pin]: Pins of type Unspecified and Power input are connected
    ; warning
    @(153.035 mm, 41.275 mm): Symbol D19 Pin 2 [2, Unspecified, Line]
    @(151.765 mm, 41.275 mm): Symbol #PWR0247 Pin 1 [Power input, Line]
[pin_to_pin]: Pins of type Unspecified and Power input are connected
    ; warning
    @(153.035 mm, 75.565 mm): Symbol D20 Pin 2 [2, Unspecified, Line]
    @(151.765 mm, 75.565 mm): Symbol #PWR0257 Pin 1 [Power input, Line]
[pin_to_pin]: Pins of type Unspecified and Unspecified are connected
    ; warning
    @(173.355 mm, 33.655 mm): Symbol D19 Pin 5 [5, Unspecified, Line]
    @(218.44 mm, 36.83 mm): Symbol RJ1 Pin 1 [TD+, Unspecified, Line]
[pin_to_pin]: Pins of type Unspecified and Unspecified are connected
    ; warning
    @(173.355 mm, 48.895 mm): Symbol D19 Pin 4 [4, Unspecified, Line]
    @(218.44 mm, 41.91 mm): Symbol RJ1 Pin 2 [TD-, Unspecified, Line]
[pin_to_pin]: Pins of type Unspecified and Unspecified are connected
    ; warning
    @(173.355 mm, 67.945 mm): Symbol D20 Pin 5 [5, Unspecified, Line]
    @(218.44 mm, 46.99 mm): Symbol RJ1 Pin 3 [RD+, Unspecified, Line]
[pin_to_pin]: Pins of type Unspecified and Passive are connected
    ; warning
    @(173.355 mm, 83.185 mm): Symbol D20 Pin 4 [4, Unspecified, Line]
    @(212.725 mm, 72.39 mm): Symbol C51 Pin 2 [Passive, Line]
[pin_to_pin]: Pins of type Unspecified and Passive are connected
    ; warning
    @(218.44 mm, 36.83 mm): Symbol RJ1 Pin 1 [TD+, Unspecified, Line]
    @(218.44 mm, 106.045 mm): Symbol R108 Pin 1 [Passive, Line]
[pin_to_pin]: Pins of type Unspecified and Passive are connected
    ; warning
    @(218.44 mm, 39.37 mm): Symbol RJ1 Pin 4 [TCT, Unspecified, Line]
    @(260.35 mm, 96.52 mm): Symbol R112 Pin 2 [Passive, Line]
[pin_to_pin]: Pins of type Unspecified and Passive are connected
    ; warning
    @(218.44 mm, 41.91 mm): Symbol RJ1 Pin 2 [TD-, Unspecified, Line]
    @(227.33 mm, 106.045 mm): Symbol R110 Pin 1 [Passive, Line]
[pin_to_pin]: Pins of type Unspecified and Passive are connected
    ; warning
    @(218.44 mm, 46.99 mm): Symbol RJ1 Pin 3 [RD+, Unspecified, Line]
    @(243.205 mm, 72.39 mm): Symbol C55 Pin 2 [Passive, Line]
[pin_to_pin]: Pins of type Unspecified and Passive are connected
    ; warning
    @(218.44 mm, 49.53 mm): Symbol RJ1 Pin 5 [RCT, Unspecified, Line]
    @(224.155 mm, 81.915 mm): Symbol R109 Pin 1 [Passive, Line]
[pin_to_pin]: Pins of type Unspecified and Passive are connected
    ; warning
    @(218.44 mm, 52.07 mm): Symbol RJ1 Pin 6 [RD-, Unspecified, Line]
    @(212.725 mm, 72.39 mm): Symbol C51 Pin 2 [Passive, Line]
[pin_to_pin]: Pins of type Unspecified and Power input are connected
    ; warning
    @(235.585 mm, 134.62 mm): Symbol L3 Pin 1 [1, Unspecified, Line]
    @(233.045 mm, 134.62 mm): Symbol #PWR0251 Pin 1 [Power input, Line]
[pin_to_pin]: Pins of type Unspecified and Power input are connected
    ; warning
    @(245.745 mm, 134.62 mm): Symbol L3 Pin 2 [2, Unspecified, Line]
    @(248.285 mm, 134.62 mm): Symbol #PWR0256 Pin 1 [Power input, Line]
[pin_to_pin]: Pins of type Unspecified and Power input are connected
    ; warning
    @(246.38 mm, 36.83 mm): Symbol RJ1 Pin 12 [LED(Y)_A, Unspecified, Line]
    @(247.65 mm, 38.10 mm): Symbol #PWR0255 Pin 1 [Power input, Line]
[pin_to_pin]: Pins of type Unspecified and Power input are connected
    ; warning
    @(246.38 mm, 39.37 mm): Symbol RJ1 Pin 9 [LED(G)_A, Unspecified, Line]
    @(247.65 mm, 38.10 mm): Symbol #PWR0255 Pin 1 [Power input, Line]
[pin_to_pin]: Pins of type Unspecified and Passive are connected
    ; warning
    @(246.38 mm, 41.91 mm): Symbol RJ1 Pin 11 [LED(Y)_K, Unspecified, Line]
    @(254.635 mm, 41.275 mm): Symbol R113 Pin 1 [Passive, Line]
[pin_to_pin]: Pins of type Unspecified and Passive are connected
    ; warning
    @(246.38 mm, 44.45 mm): Symbol RJ1 Pin 10 [LED(G)_K, Unspecified, Line]
    @(254.635 mm, 45.085 mm): Symbol R114 Pin 1 [Passive, Line]
[pin_to_pin]: Pins of type Unspecified and Power input are connected
    ; warning
    @(246.38 mm, 49.53 mm): Symbol RJ1 Pin 14 [SHILED, Unspecified, Line]
    @(250.825 mm, 58.42 mm): Symbol #PWR0217 Pin 1 [Power input, Line]
[pin_to_pin]: Pins of type Unspecified and Unspecified are connected
    ; warning
    @(246.38 mm, 52.07 mm): Symbol RJ1 Pin 13 [SHILED, Unspecified, Line]
    @(246.38 mm, 49.53 mm): Symbol RJ1 Pin 14 [SHILED, Unspecified, Line]
[pin_to_pin]: Pins of type Unspecified and Power input are connected
    ; warning
    @(246.38 mm, 57.15 mm): Symbol RJ1 Pin 8 [CHSGND, Unspecified, Line]
    @(250.825 mm, 58.42 mm): Symbol #PWR0217 Pin 1 [Power input, Line]

 ** ERC messages: 1919  Errors 19  Warnings 1900

 ** Ignored checks:
    - Global label only appears once in the schematic
    - Four connection points are joined together
    - SPICE model issue
    - Assigned footprint doesn't match footprint filters
